2026-06-10 19:50:25 [main] ERROR BaseClass - This is a error message
2026-06-10 19:50:25 [main] FATAL BaseClass - This is a fatal message
2026-06-10 19:50:29 [main] ERROR ActionDriver - Text are not matching:Invalid credentials not equalsInvalid credentials1
2026-06-11 19:21:29 [main] ERROR BaseClass - This is a error message
2026-06-11 19:21:29 [main] FATAL BaseClass - This is a fatal message
2026-06-11 19:21:32 [main] ERROR ActionDriver - Text are not matching:Invalid credentials not equalsInvalid credentials1
2026-06-11 19:21:43 [main] ERROR BaseClass - This is a error message
2026-06-11 19:21:43 [main] FATAL BaseClass - This is a fatal message
2026-06-13 11:32:12 [TestNG-test-OrangeHRMTest-4] ERROR BaseClass - This is a error message
2026-06-13 11:32:12 [TestNG-test-OrangeHRMTest-4] FATAL BaseClass - This is a fatal message
2026-06-13 11:32:12 [TestNG-test-OrangeHRMTest-1] ERROR BaseClass - This is a error message
2026-06-13 11:32:12 [TestNG-test-OrangeHRMTest-1] FATAL BaseClass - This is a fatal message
2026-06-13 11:32:19 [TestNG-test-OrangeHRMTest-3] ERROR BaseClass - This is a error message
2026-06-13 11:32:19 [TestNG-test-OrangeHRMTest-3] FATAL BaseClass - This is a fatal message
2026-06-13 11:32:21 [TestNG-test-OrangeHRMTest-3] ERROR ActionDriver - Text are not matching:Invalid credentials not equalsInvalid credentials1
2026-06-13 11:32:23 [TestNG-test-OrangeHRMTest-2] ERROR BaseClass - This is a error message
2026-06-13 11:32:23 [TestNG-test-OrangeHRMTest-2] FATAL BaseClass - This is a fatal message
2026-06-13 11:32:31 [TestNG-test-OrangeHRMTest-3] ERROR BaseClass - This is a error message
2026-06-13 11:32:31 [TestNG-test-OrangeHRMTest-3] FATAL BaseClass - This is a fatal message
2026-06-13 11:33:28 [main] ERROR BaseClass - This is a error message
2026-06-13 11:33:28 [main] FATAL BaseClass - This is a fatal message
2026-06-13 11:33:58 [main] ERROR BaseClass - This is a error message
2026-06-13 11:33:58 [main] FATAL BaseClass - This is a fatal message
2026-06-13 11:34:11 [main] ERROR BaseClass - This is a error message
2026-06-13 11:34:11 [main] FATAL BaseClass - This is a fatal message
2026-06-13 11:34:23 [main] ERROR BaseClass - This is a error message
2026-06-13 11:34:23 [main] FATAL BaseClass - This is a fatal message
2026-06-13 11:34:41 [main] ERROR BaseClass - This is a error message
2026-06-13 11:34:41 [main] FATAL BaseClass - This is a fatal message
2026-06-13 13:00:39 [main] ERROR BaseClass - This is a error message
2026-06-13 13:00:39 [main] FATAL BaseClass - This is a fatal message
2026-06-13 13:00:49 [main] ERROR BaseClass - This is a error message
2026-06-13 13:00:49 [main] FATAL BaseClass - This is a fatal message
2026-06-13 13:00:59 [main] ERROR BaseClass - This is a error message
2026-06-13 13:00:59 [main] FATAL BaseClass - This is a fatal message
2026-06-13 13:01:11 [main] ERROR BaseClass - This is a error message
2026-06-13 13:01:11 [main] FATAL BaseClass - This is a fatal message
2026-06-13 13:01:28 [main] ERROR BaseClass - This is a error message
2026-06-13 13:01:28 [main] FATAL BaseClass - This is a fatal message
2026-06-13 17:23:39 [main] ERROR BaseClass - This is a error message
2026-06-13 17:23:39 [main] FATAL BaseClass - This is a fatal message
2026-06-13 17:23:46 [main] ERROR BaseClass - This is a error message
2026-06-13 17:23:46 [main] FATAL BaseClass - This is a fatal message
2026-06-13 17:23:53 [main] ERROR BaseClass - This is a error message
2026-06-13 17:23:53 [main] FATAL BaseClass - This is a fatal message
2026-06-13 17:24:01 [main] ERROR BaseClass - This is a error message
2026-06-13 17:24:01 [main] FATAL BaseClass - This is a fatal message
2026-06-13 17:24:11 [main] ERROR BaseClass - This is a error message
2026-06-13 17:24:11 [main] FATAL BaseClass - This is a fatal message
2026-06-13 17:31:07 [main] ERROR BaseClass - This is a error message
2026-06-13 17:31:07 [main] FATAL BaseClass - This is a fatal message
2026-06-13 17:31:14 [main] ERROR BaseClass - This is a error message
2026-06-13 17:31:14 [main] FATAL BaseClass - This is a fatal message
2026-06-13 17:31:20 [main] ERROR BaseClass - This is a error message
2026-06-13 17:31:20 [main] FATAL BaseClass - This is a fatal message
2026-06-13 17:31:29 [main] ERROR BaseClass - This is a error message
2026-06-13 17:31:29 [main] FATAL BaseClass - This is a fatal message
2026-06-13 17:31:40 [main] ERROR BaseClass - This is a error message
2026-06-13 17:31:40 [main] FATAL BaseClass - This is a fatal message
2026-06-14 12:39:56 [main] ERROR BaseClass - This is a error message
2026-06-14 12:39:56 [main] FATAL BaseClass - This is a fatal message
2026-06-14 12:42:28 [main] ERROR BaseClass - This is a error message
2026-06-14 12:42:28 [main] FATAL BaseClass - This is a fatal message
2026-06-14 12:47:42 [main] ERROR BaseClass - This is a error message
2026-06-14 12:47:42 [main] FATAL BaseClass - This is a fatal message
2026-06-14 12:49:39 [main] ERROR BaseClass - This is a error message
2026-06-14 12:49:39 [main] FATAL BaseClass - This is a fatal message
2026-06-14 12:50:09 [main] ERROR BaseClass - This is a error message
2026-06-14 12:50:09 [main] FATAL BaseClass - This is a fatal message
2026-06-14 14:11:50 [main] ERROR BaseClass - This is a error message
2026-06-14 14:11:50 [main] FATAL BaseClass - This is a fatal message
2026-06-14 14:25:31 [main] ERROR BaseClass - This is a error message
2026-06-14 14:25:31 [main] FATAL BaseClass - This is a fatal message
2026-06-14 14:27:52 [main] ERROR BaseClass - This is a error message
2026-06-14 14:27:52 [main] FATAL BaseClass - This is a fatal message
2026-06-14 14:29:49 [main] ERROR BaseClass - This is a error message
2026-06-14 14:29:49 [main] FATAL BaseClass - This is a fatal message
2026-06-14 14:30:01 [main] ERROR BaseClass - This is a error message
2026-06-14 14:30:01 [main] FATAL BaseClass - This is a fatal message
2026-06-14 14:30:28 [main] ERROR BaseClass - This is a error message
2026-06-14 14:30:28 [main] FATAL BaseClass - This is a fatal message
2026-06-14 14:31:06 [main] ERROR BaseClass - This is a error message
2026-06-14 14:31:06 [main] FATAL BaseClass - This is a fatal message
2026-06-14 15:35:44 [main] ERROR BaseClass - This is a error message
2026-06-14 15:35:44 [main] FATAL BaseClass - This is a fatal message
2026-06-14 15:36:06 [main] ERROR BaseClass - This is a error message
2026-06-14 15:36:06 [main] FATAL BaseClass - This is a fatal message
2026-06-14 15:36:33 [main] ERROR BaseClass - This is a error message
2026-06-14 15:36:33 [main] FATAL BaseClass - This is a fatal message
2026-06-14 15:36:59 [main] ERROR BaseClass - This is a error message
2026-06-14 15:36:59 [main] FATAL BaseClass - This is a fatal message
2026-06-14 15:38:03 [main] ERROR BaseClass - This is a error message
2026-06-14 15:38:03 [main] FATAL BaseClass - This is a fatal message
2026-06-14 15:38:56 [main] ERROR BaseClass - This is a error message
2026-06-14 15:38:56 [main] FATAL BaseClass - This is a fatal message
2026-06-14 15:39:26 [main] ERROR BaseClass - This is a error message
2026-06-14 15:39:26 [main] FATAL BaseClass - This is a fatal message
2026-06-14 15:39:51 [main] ERROR BaseClass - This is a error message
2026-06-14 15:39:51 [main] FATAL BaseClass - This is a fatal message
2026-06-14 15:40:20 [main] ERROR BaseClass - This is a error message
2026-06-14 15:40:20 [main] FATAL BaseClass - This is a fatal message
2026-06-14 15:41:57 [main] ERROR BaseClass - This is a error message
2026-06-14 15:41:57 [main] FATAL BaseClass - This is a fatal message
2026-06-21 14:33:39 [main] ERROR BaseClass - This is a error message
2026-06-21 14:33:39 [main] FATAL BaseClass - This is a fatal message
2026-06-21 14:33:48 [main] ERROR BaseClass - This is a error message
2026-06-21 14:33:48 [main] FATAL BaseClass - This is a fatal message
2026-06-21 14:34:18 [main] ERROR BaseClass - This is a error message
2026-06-21 14:34:18 [main] FATAL BaseClass - This is a fatal message
2026-06-21 14:34:32 [main] ERROR BaseClass - This is a error message
2026-06-21 14:34:32 [main] FATAL BaseClass - This is a fatal message
2026-06-21 14:35:05 [main] ERROR ActionDriver - Unable to describe the elementno such element: Unable to locate element: {"method":"xpath","selector":"//span[text()='Admin']"}
  (Session info: chrome=149.0.7827.114)
For documentation on this error, please visit: https://www.selenium.dev/documentation/webdriver/troubleshooting/errors#nosuchelementexception
Build info: version: '4.44.0', revision: 'da2039b'
System info: os.name: 'Windows 11', os.arch: 'amd64', os.version: '10.0', java.version: '17.0.10'
Driver info: org.openqa.selenium.chrome.ChromeDriver
Command: [d171910c803911b3dbf816a5241e4ac8, findElement {value=//span[text()='Admin'], using=xpath}]
Capabilities {acceptInsecureCerts: false, browserName: chrome, browserVersion: 149.0.7827.114, chrome: {chromedriverVersion: 149.0.7827.155 (07b52360cc1..., userDataDir: C:\Users\satya\AppData\Loca...}, fedcm:accounts: true, goog:chromeOptions: {debuggerAddress: localhost:53441}, goog:processID: 29456, networkConnectionEnabled: false, pageLoadStrategy: normal, platformName: windows, proxy: Proxy(), se:cdp: ws://localhost:53441/devtoo..., se:cdpVersion: 149.0.7827.114, setWindowRect: true, strictFileInteractability: false, timeouts: {implicit: 0, pageLoad: 300000, script: 30000}, unhandledPromptBehavior: dismiss and notify, webauthn:extension:credBlob: true, webauthn:extension:largeBlob: true, webauthn:extension:minPinLength: true, webauthn:extension:prf: true, webauthn:virtualAuthenticators: true}
Session ID: d171910c803911b3dbf816a5241e4ac8
2026-06-21 14:35:26 [main] ERROR ActionDriver - element is not visible:Expected condition failed: waiting for visibility of element found by By.xpath: //span[text()='Admin'], but... org.openqa.selenium.NoSuchElementException: no such element: Unable to locate element: {"method":"xpath","selector":"//span[text()='Admin']"}.
(tried for 20 seconds with 500 milliseconds interval)
Build info: version: '4.44.0', revision: 'da2039b'
System info: os.name: 'Windows 11', os.arch: 'amd64', os.version: '10.0', java.version: '17.0.10'
Driver info: org.openqa.selenium.chrome.ChromeDriver
Capabilities {acceptInsecureCerts: false, browserName: chrome, browserVersion: 149.0.7827.114, chrome: {chromedriverVersion: 149.0.7827.155 (07b52360cc1..., userDataDir: C:\Users\satya\AppData\Loca...}, fedcm:accounts: true, goog:chromeOptions: {debuggerAddress: localhost:53441}, goog:processID: 29456, networkConnectionEnabled: false, pageLoadStrategy: normal, platformName: windows, proxy: Proxy(), se:cdp: ws://localhost:53441/devtoo..., se:cdpVersion: 149.0.7827.114, setWindowRect: true, strictFileInteractability: false, timeouts: {implicit: 0, pageLoad: 300000, script: 30000}, unhandledPromptBehavior: dismiss and notify, webauthn:extension:credBlob: true, webauthn:extension:largeBlob: true, webauthn:extension:minPinLength: true, webauthn:extension:prf: true, webauthn:virtualAuthenticators: true}
Session ID: d171910c803911b3dbf816a5241e4ac8
2026-06-21 14:35:36 [main] ERROR ActionDriver - Unable to describe the elementno such element: Unable to locate element: {"method":"xpath","selector":"//span[text()='Admin']"}
  (Session info: chrome=149.0.7827.114)
For documentation on this error, please visit: https://www.selenium.dev/documentation/webdriver/troubleshooting/errors#nosuchelementexception
Build info: version: '4.44.0', revision: 'da2039b'
System info: os.name: 'Windows 11', os.arch: 'amd64', os.version: '10.0', java.version: '17.0.10'
Driver info: org.openqa.selenium.chrome.ChromeDriver
Command: [d171910c803911b3dbf816a5241e4ac8, findElement {value=//span[text()='Admin'], using=xpath}]
Capabilities {acceptInsecureCerts: false, browserName: chrome, browserVersion: 149.0.7827.114, chrome: {chromedriverVersion: 149.0.7827.155 (07b52360cc1..., userDataDir: C:\Users\satya\AppData\Loca...}, fedcm:accounts: true, goog:chromeOptions: {debuggerAddress: localhost:53441}, goog:processID: 29456, networkConnectionEnabled: false, pageLoadStrategy: normal, platformName: windows, proxy: Proxy(), se:cdp: ws://localhost:53441/devtoo..., se:cdpVersion: 149.0.7827.114, setWindowRect: true, strictFileInteractability: false, timeouts: {implicit: 0, pageLoad: 300000, script: 30000}, unhandledPromptBehavior: dismiss and notify, webauthn:extension:credBlob: true, webauthn:extension:largeBlob: true, webauthn:extension:minPinLength: true, webauthn:extension:prf: true, webauthn:virtualAuthenticators: true}
Session ID: d171910c803911b3dbf816a5241e4ac8
2026-06-21 14:35:46 [main] ERROR ActionDriver - Unable to describe the elementno such element: Unable to locate element: {"method":"xpath","selector":"//span[text()='Admin']"}
  (Session info: chrome=149.0.7827.114)
For documentation on this error, please visit: https://www.selenium.dev/documentation/webdriver/troubleshooting/errors#nosuchelementexception
Build info: version: '4.44.0', revision: 'da2039b'
System info: os.name: 'Windows 11', os.arch: 'amd64', os.version: '10.0', java.version: '17.0.10'
Driver info: org.openqa.selenium.chrome.ChromeDriver
Command: [d171910c803911b3dbf816a5241e4ac8, findElement {value=//span[text()='Admin'], using=xpath}]
Capabilities {acceptInsecureCerts: false, browserName: chrome, browserVersion: 149.0.7827.114, chrome: {chromedriverVersion: 149.0.7827.155 (07b52360cc1..., userDataDir: C:\Users\satya\AppData\Loca...}, fedcm:accounts: true, goog:chromeOptions: {debuggerAddress: localhost:53441}, goog:processID: 29456, networkConnectionEnabled: false, pageLoadStrategy: normal, platformName: windows, proxy: Proxy(), se:cdp: ws://localhost:53441/devtoo..., se:cdpVersion: 149.0.7827.114, setWindowRect: true, strictFileInteractability: false, timeouts: {implicit: 0, pageLoad: 300000, script: 30000}, unhandledPromptBehavior: dismiss and notify, webauthn:extension:credBlob: true, webauthn:extension:largeBlob: true, webauthn:extension:minPinLength: true, webauthn:extension:prf: true, webauthn:virtualAuthenticators: true}
Session ID: d171910c803911b3dbf816a5241e4ac8
2026-06-21 14:35:56 [main] ERROR ActionDriver - Unable to describe the elementno such element: Unable to locate element: {"method":"xpath","selector":"//span[text()='Admin']"}
  (Session info: chrome=149.0.7827.114)
For documentation on this error, please visit: https://www.selenium.dev/documentation/webdriver/troubleshooting/errors#nosuchelementexception
Build info: version: '4.44.0', revision: 'da2039b'
System info: os.name: 'Windows 11', os.arch: 'amd64', os.version: '10.0', java.version: '17.0.10'
Driver info: org.openqa.selenium.chrome.ChromeDriver
Command: [d171910c803911b3dbf816a5241e4ac8, findElement {value=//span[text()='Admin'], using=xpath}]
Capabilities {acceptInsecureCerts: false, browserName: chrome, browserVersion: 149.0.7827.114, chrome: {chromedriverVersion: 149.0.7827.155 (07b52360cc1..., userDataDir: C:\Users\satya\AppData\Loca...}, fedcm:accounts: true, goog:chromeOptions: {debuggerAddress: localhost:53441}, goog:processID: 29456, networkConnectionEnabled: false, pageLoadStrategy: normal, platformName: windows, proxy: Proxy(), se:cdp: ws://localhost:53441/devtoo..., se:cdpVersion: 149.0.7827.114, setWindowRect: true, strictFileInteractability: false, timeouts: {implicit: 0, pageLoad: 300000, script: 30000}, unhandledPromptBehavior: dismiss and notify, webauthn:extension:credBlob: true, webauthn:extension:largeBlob: true, webauthn:extension:minPinLength: true, webauthn:extension:prf: true, webauthn:virtualAuthenticators: true}
Session ID: d171910c803911b3dbf816a5241e4ac8
2026-06-21 14:36:26 [main] ERROR ActionDriver - Unable to describe the elementno such element: Unable to locate element: {"method":"xpath","selector":"//span[text()='Admin']"}
  (Session info: chrome=149.0.7827.114)
For documentation on this error, please visit: https://www.selenium.dev/documentation/webdriver/troubleshooting/errors#nosuchelementexception
Build info: version: '4.44.0', revision: 'da2039b'
System info: os.name: 'Windows 11', os.arch: 'amd64', os.version: '10.0', java.version: '17.0.10'
Driver info: org.openqa.selenium.chrome.ChromeDriver
Command: [d171910c803911b3dbf816a5241e4ac8, findElement {value=//span[text()='Admin'], using=xpath}]
Capabilities {acceptInsecureCerts: false, browserName: chrome, browserVersion: 149.0.7827.114, chrome: {chromedriverVersion: 149.0.7827.155 (07b52360cc1..., userDataDir: C:\Users\satya\AppData\Loca...}, fedcm:accounts: true, goog:chromeOptions: {debuggerAddress: localhost:53441}, goog:processID: 29456, networkConnectionEnabled: false, pageLoadStrategy: normal, platformName: windows, proxy: Proxy(), se:cdp: ws://localhost:53441/devtoo..., se:cdpVersion: 149.0.7827.114, setWindowRect: true, strictFileInteractability: false, timeouts: {implicit: 0, pageLoad: 300000, script: 30000}, unhandledPromptBehavior: dismiss and notify, webauthn:extension:credBlob: true, webauthn:extension:largeBlob: true, webauthn:extension:minPinLength: true, webauthn:extension:prf: true, webauthn:virtualAuthenticators: true}
Session ID: d171910c803911b3dbf816a5241e4ac8
2026-06-21 14:36:36 [main] ERROR ActionDriver - Unable to describe the elementno such element: Unable to locate element: {"method":"xpath","selector":"//span[text()='Admin']"}
  (Session info: chrome=149.0.7827.114)
For documentation on this error, please visit: https://www.selenium.dev/documentation/webdriver/troubleshooting/errors#nosuchelementexception
Build info: version: '4.44.0', revision: 'da2039b'
System info: os.name: 'Windows 11', os.arch: 'amd64', os.version: '10.0', java.version: '17.0.10'
Driver info: org.openqa.selenium.chrome.ChromeDriver
Command: [d171910c803911b3dbf816a5241e4ac8, findElement {value=//span[text()='Admin'], using=xpath}]
Capabilities {acceptInsecureCerts: false, browserName: chrome, browserVersion: 149.0.7827.114, chrome: {chromedriverVersion: 149.0.7827.155 (07b52360cc1..., userDataDir: C:\Users\satya\AppData\Loca...}, fedcm:accounts: true, goog:chromeOptions: {debuggerAddress: localhost:53441}, goog:processID: 29456, networkConnectionEnabled: false, pageLoadStrategy: normal, platformName: windows, proxy: Proxy(), se:cdp: ws://localhost:53441/devtoo..., se:cdpVersion: 149.0.7827.114, setWindowRect: true, strictFileInteractability: false, timeouts: {implicit: 0, pageLoad: 300000, script: 30000}, unhandledPromptBehavior: dismiss and notify, webauthn:extension:credBlob: true, webauthn:extension:largeBlob: true, webauthn:extension:minPinLength: true, webauthn:extension:prf: true, webauthn:virtualAuthenticators: true}
Session ID: d171910c803911b3dbf816a5241e4ac8
2026-06-21 14:36:36 [main] ERROR ActionDriver - Element is not visibleno such element: Unable to locate element: {"method":"xpath","selector":"//span[text()='Admin']"}
  (Session info: chrome=149.0.7827.114)
For documentation on this error, please visit: https://www.selenium.dev/documentation/webdriver/troubleshooting/errors#nosuchelementexception
Build info: version: '4.44.0', revision: 'da2039b'
System info: os.name: 'Windows 11', os.arch: 'amd64', os.version: '10.0', java.version: '17.0.10'
Driver info: org.openqa.selenium.chrome.ChromeDriver
Command: [d171910c803911b3dbf816a5241e4ac8, findElement {value=//span[text()='Admin'], using=xpath}]
Capabilities {acceptInsecureCerts: false, browserName: chrome, browserVersion: 149.0.7827.114, chrome: {chromedriverVersion: 149.0.7827.155 (07b52360cc1..., userDataDir: C:\Users\satya\AppData\Loca...}, fedcm:accounts: true, goog:chromeOptions: {debuggerAddress: localhost:53441}, goog:processID: 29456, networkConnectionEnabled: false, pageLoadStrategy: normal, platformName: windows, proxy: Proxy(), se:cdp: ws://localhost:53441/devtoo..., se:cdpVersion: 149.0.7827.114, setWindowRect: true, strictFileInteractability: false, timeouts: {implicit: 0, pageLoad: 300000, script: 30000}, unhandledPromptBehavior: dismiss and notify, webauthn:extension:credBlob: true, webauthn:extension:largeBlob: true, webauthn:extension:minPinLength: true, webauthn:extension:prf: true, webauthn:virtualAuthenticators: true}
Session ID: d171910c803911b3dbf816a5241e4ac8
2026-06-21 14:36:47 [main] ERROR BaseClass - This is a error message
2026-06-21 14:36:47 [main] FATAL BaseClass - This is a fatal message
2026-06-21 14:37:09 [main] ERROR ActionDriver - Unable to describe the elementno such element: Unable to locate element: {"method":"xpath","selector":"//div[@class='oxd-brand-banner']//img"}
  (Session info: chrome=149.0.7827.114)
For documentation on this error, please visit: https://www.selenium.dev/documentation/webdriver/troubleshooting/errors#nosuchelementexception
Build info: version: '4.44.0', revision: 'da2039b'
System info: os.name: 'Windows 11', os.arch: 'amd64', os.version: '10.0', java.version: '17.0.10'
Driver info: org.openqa.selenium.chrome.ChromeDriver
Command: [f2bae843137ad9fe3d4bd9641cf0caab, findElement {value=//div[@class='oxd-brand-banner']//img, using=xpath}]
Capabilities {acceptInsecureCerts: false, browserName: chrome, browserVersion: 149.0.7827.114, chrome: {chromedriverVersion: 149.0.7827.155 (07b52360cc1..., userDataDir: C:\Users\satya\AppData\Loca...}, fedcm:accounts: true, goog:chromeOptions: {debuggerAddress: localhost:62846}, goog:processID: 19896, networkConnectionEnabled: false, pageLoadStrategy: normal, platformName: windows, proxy: Proxy(), se:cdp: ws://localhost:62846/devtoo..., se:cdpVersion: 149.0.7827.114, setWindowRect: true, strictFileInteractability: false, timeouts: {implicit: 0, pageLoad: 300000, script: 30000}, unhandledPromptBehavior: dismiss and notify, webauthn:extension:credBlob: true, webauthn:extension:largeBlob: true, webauthn:extension:minPinLength: true, webauthn:extension:prf: true, webauthn:virtualAuthenticators: true}
Session ID: f2bae843137ad9fe3d4bd9641cf0caab
2026-06-21 14:37:30 [main] ERROR ActionDriver - element is not visible:Expected condition failed: waiting for visibility of element found by By.xpath: //div[@class='oxd-brand-banner']//img, but... org.openqa.selenium.NoSuchElementException: no such element: Unable to locate element: {"method":"xpath","selector":"//div[@class='oxd-brand-banner']//img"}.
(tried for 20 seconds with 500 milliseconds interval)
Build info: version: '4.44.0', revision: 'da2039b'
System info: os.name: 'Windows 11', os.arch: 'amd64', os.version: '10.0', java.version: '17.0.10'
Driver info: org.openqa.selenium.chrome.ChromeDriver
Capabilities {acceptInsecureCerts: false, browserName: chrome, browserVersion: 149.0.7827.114, chrome: {chromedriverVersion: 149.0.7827.155 (07b52360cc1..., userDataDir: C:\Users\satya\AppData\Loca...}, fedcm:accounts: true, goog:chromeOptions: {debuggerAddress: localhost:62846}, goog:processID: 19896, networkConnectionEnabled: false, pageLoadStrategy: normal, platformName: windows, proxy: Proxy(), se:cdp: ws://localhost:62846/devtoo..., se:cdpVersion: 149.0.7827.114, setWindowRect: true, strictFileInteractability: false, timeouts: {implicit: 0, pageLoad: 300000, script: 30000}, unhandledPromptBehavior: dismiss and notify, webauthn:extension:credBlob: true, webauthn:extension:largeBlob: true, webauthn:extension:minPinLength: true, webauthn:extension:prf: true, webauthn:virtualAuthenticators: true}
Session ID: f2bae843137ad9fe3d4bd9641cf0caab
2026-06-21 14:37:40 [main] ERROR ActionDriver - Unable to describe the elementno such element: Unable to locate element: {"method":"xpath","selector":"//div[@class='oxd-brand-banner']//img"}
  (Session info: chrome=149.0.7827.114)
For documentation on this error, please visit: https://www.selenium.dev/documentation/webdriver/troubleshooting/errors#nosuchelementexception
Build info: version: '4.44.0', revision: 'da2039b'
System info: os.name: 'Windows 11', os.arch: 'amd64', os.version: '10.0', java.version: '17.0.10'
Driver info: org.openqa.selenium.chrome.ChromeDriver
Command: [f2bae843137ad9fe3d4bd9641cf0caab, findElement {value=//div[@class='oxd-brand-banner']//img, using=xpath}]
Capabilities {acceptInsecureCerts: false, browserName: chrome, browserVersion: 149.0.7827.114, chrome: {chromedriverVersion: 149.0.7827.155 (07b52360cc1..., userDataDir: C:\Users\satya\AppData\Loca...}, fedcm:accounts: true, goog:chromeOptions: {debuggerAddress: localhost:62846}, goog:processID: 19896, networkConnectionEnabled: false, pageLoadStrategy: normal, platformName: windows, proxy: Proxy(), se:cdp: ws://localhost:62846/devtoo..., se:cdpVersion: 149.0.7827.114, setWindowRect: true, strictFileInteractability: false, timeouts: {implicit: 0, pageLoad: 300000, script: 30000}, unhandledPromptBehavior: dismiss and notify, webauthn:extension:credBlob: true, webauthn:extension:largeBlob: true, webauthn:extension:minPinLength: true, webauthn:extension:prf: true, webauthn:virtualAuthenticators: true}
Session ID: f2bae843137ad9fe3d4bd9641cf0caab
2026-06-21 14:37:50 [main] ERROR ActionDriver - Unable to describe the elementno such element: Unable to locate element: {"method":"xpath","selector":"//div[@class='oxd-brand-banner']//img"}
  (Session info: chrome=149.0.7827.114)
For documentation on this error, please visit: https://www.selenium.dev/documentation/webdriver/troubleshooting/errors#nosuchelementexception
Build info: version: '4.44.0', revision: 'da2039b'
System info: os.name: 'Windows 11', os.arch: 'amd64', os.version: '10.0', java.version: '17.0.10'
Driver info: org.openqa.selenium.chrome.ChromeDriver
Command: [f2bae843137ad9fe3d4bd9641cf0caab, findElement {value=//div[@class='oxd-brand-banner']//img, using=xpath}]
Capabilities {acceptInsecureCerts: false, browserName: chrome, browserVersion: 149.0.7827.114, chrome: {chromedriverVersion: 149.0.7827.155 (07b52360cc1..., userDataDir: C:\Users\satya\AppData\Loca...}, fedcm:accounts: true, goog:chromeOptions: {debuggerAddress: localhost:62846}, goog:processID: 19896, networkConnectionEnabled: false, pageLoadStrategy: normal, platformName: windows, proxy: Proxy(), se:cdp: ws://localhost:62846/devtoo..., se:cdpVersion: 149.0.7827.114, setWindowRect: true, strictFileInteractability: false, timeouts: {implicit: 0, pageLoad: 300000, script: 30000}, unhandledPromptBehavior: dismiss and notify, webauthn:extension:credBlob: true, webauthn:extension:largeBlob: true, webauthn:extension:minPinLength: true, webauthn:extension:prf: true, webauthn:virtualAuthenticators: true}
Session ID: f2bae843137ad9fe3d4bd9641cf0caab
2026-06-21 14:38:00 [main] ERROR ActionDriver - Unable to describe the elementno such element: Unable to locate element: {"method":"xpath","selector":"//div[@class='oxd-brand-banner']//img"}
  (Session info: chrome=149.0.7827.114)
For documentation on this error, please visit: https://www.selenium.dev/documentation/webdriver/troubleshooting/errors#nosuchelementexception
Build info: version: '4.44.0', revision: 'da2039b'
System info: os.name: 'Windows 11', os.arch: 'amd64', os.version: '10.0', java.version: '17.0.10'
Driver info: org.openqa.selenium.chrome.ChromeDriver
Command: [f2bae843137ad9fe3d4bd9641cf0caab, findElement {value=//div[@class='oxd-brand-banner']//img, using=xpath}]
Capabilities {acceptInsecureCerts: false, browserName: chrome, browserVersion: 149.0.7827.114, chrome: {chromedriverVersion: 149.0.7827.155 (07b52360cc1..., userDataDir: C:\Users\satya\AppData\Loca...}, fedcm:accounts: true, goog:chromeOptions: {debuggerAddress: localhost:62846}, goog:processID: 19896, networkConnectionEnabled: false, pageLoadStrategy: normal, platformName: windows, proxy: Proxy(), se:cdp: ws://localhost:62846/devtoo..., se:cdpVersion: 149.0.7827.114, setWindowRect: true, strictFileInteractability: false, timeouts: {implicit: 0, pageLoad: 300000, script: 30000}, unhandledPromptBehavior: dismiss and notify, webauthn:extension:credBlob: true, webauthn:extension:largeBlob: true, webauthn:extension:minPinLength: true, webauthn:extension:prf: true, webauthn:virtualAuthenticators: true}
Session ID: f2bae843137ad9fe3d4bd9641cf0caab
2026-06-21 14:38:30 [main] ERROR ActionDriver - Unable to describe the elementno such element: Unable to locate element: {"method":"xpath","selector":"//div[@class='oxd-brand-banner']//img"}
  (Session info: chrome=149.0.7827.114)
For documentation on this error, please visit: https://www.selenium.dev/documentation/webdriver/troubleshooting/errors#nosuchelementexception
Build info: version: '4.44.0', revision: 'da2039b'
System info: os.name: 'Windows 11', os.arch: 'amd64', os.version: '10.0', java.version: '17.0.10'
Driver info: org.openqa.selenium.chrome.ChromeDriver
Command: [f2bae843137ad9fe3d4bd9641cf0caab, findElement {value=//div[@class='oxd-brand-banner']//img, using=xpath}]
Capabilities {acceptInsecureCerts: false, browserName: chrome, browserVersion: 149.0.7827.114, chrome: {chromedriverVersion: 149.0.7827.155 (07b52360cc1..., userDataDir: C:\Users\satya\AppData\Loca...}, fedcm:accounts: true, goog:chromeOptions: {debuggerAddress: localhost:62846}, goog:processID: 19896, networkConnectionEnabled: false, pageLoadStrategy: normal, platformName: windows, proxy: Proxy(), se:cdp: ws://localhost:62846/devtoo..., se:cdpVersion: 149.0.7827.114, setWindowRect: true, strictFileInteractability: false, timeouts: {implicit: 0, pageLoad: 300000, script: 30000}, unhandledPromptBehavior: dismiss and notify, webauthn:extension:credBlob: true, webauthn:extension:largeBlob: true, webauthn:extension:minPinLength: true, webauthn:extension:prf: true, webauthn:virtualAuthenticators: true}
Session ID: f2bae843137ad9fe3d4bd9641cf0caab
2026-06-21 14:38:40 [main] ERROR ActionDriver - Unable to describe the elementno such element: Unable to locate element: {"method":"xpath","selector":"//div[@class='oxd-brand-banner']//img"}
  (Session info: chrome=149.0.7827.114)
For documentation on this error, please visit: https://www.selenium.dev/documentation/webdriver/troubleshooting/errors#nosuchelementexception
Build info: version: '4.44.0', revision: 'da2039b'
System info: os.name: 'Windows 11', os.arch: 'amd64', os.version: '10.0', java.version: '17.0.10'
Driver info: org.openqa.selenium.chrome.ChromeDriver
Command: [f2bae843137ad9fe3d4bd9641cf0caab, findElement {value=//div[@class='oxd-brand-banner']//img, using=xpath}]
Capabilities {acceptInsecureCerts: false, browserName: chrome, browserVersion: 149.0.7827.114, chrome: {chromedriverVersion: 149.0.7827.155 (07b52360cc1..., userDataDir: C:\Users\satya\AppData\Loca...}, fedcm:accounts: true, goog:chromeOptions: {debuggerAddress: localhost:62846}, goog:processID: 19896, networkConnectionEnabled: false, pageLoadStrategy: normal, platformName: windows, proxy: Proxy(), se:cdp: ws://localhost:62846/devtoo..., se:cdpVersion: 149.0.7827.114, setWindowRect: true, strictFileInteractability: false, timeouts: {implicit: 0, pageLoad: 300000, script: 30000}, unhandledPromptBehavior: dismiss and notify, webauthn:extension:credBlob: true, webauthn:extension:largeBlob: true, webauthn:extension:minPinLength: true, webauthn:extension:prf: true, webauthn:virtualAuthenticators: true}
Session ID: f2bae843137ad9fe3d4bd9641cf0caab
2026-06-21 14:38:40 [main] ERROR ActionDriver - Element is not visibleno such element: Unable to locate element: {"method":"xpath","selector":"//div[@class='oxd-brand-banner']//img"}
  (Session info: chrome=149.0.7827.114)
For documentation on this error, please visit: https://www.selenium.dev/documentation/webdriver/troubleshooting/errors#nosuchelementexception
Build info: version: '4.44.0', revision: 'da2039b'
System info: os.name: 'Windows 11', os.arch: 'amd64', os.version: '10.0', java.version: '17.0.10'
Driver info: org.openqa.selenium.chrome.ChromeDriver
Command: [f2bae843137ad9fe3d4bd9641cf0caab, findElement {value=//div[@class='oxd-brand-banner']//img, using=xpath}]
Capabilities {acceptInsecureCerts: false, browserName: chrome, browserVersion: 149.0.7827.114, chrome: {chromedriverVersion: 149.0.7827.155 (07b52360cc1..., userDataDir: C:\Users\satya\AppData\Loca...}, fedcm:accounts: true, goog:chromeOptions: {debuggerAddress: localhost:62846}, goog:processID: 19896, networkConnectionEnabled: false, pageLoadStrategy: normal, platformName: windows, proxy: Proxy(), se:cdp: ws://localhost:62846/devtoo..., se:cdpVersion: 149.0.7827.114, setWindowRect: true, strictFileInteractability: false, timeouts: {implicit: 0, pageLoad: 300000, script: 30000}, unhandledPromptBehavior: dismiss and notify, webauthn:extension:credBlob: true, webauthn:extension:largeBlob: true, webauthn:extension:minPinLength: true, webauthn:extension:prf: true, webauthn:virtualAuthenticators: true}
Session ID: f2bae843137ad9fe3d4bd9641cf0caab
2026-06-21 14:52:09 [main] ERROR BaseClass - This is a error message
2026-06-21 14:52:09 [main] FATAL BaseClass - This is a fatal message
2026-06-21 14:52:18 [main] ERROR BaseClass - This is a error message
2026-06-21 14:52:18 [main] FATAL BaseClass - This is a fatal message
2026-06-21 14:52:32 [main] ERROR BaseClass - This is a error message
2026-06-21 14:52:32 [main] FATAL BaseClass - This is a fatal message
2026-06-21 14:52:53 [main] ERROR BaseClass - This is a error message
2026-06-21 14:52:53 [main] FATAL BaseClass - This is a fatal message
2026-06-21 14:53:13 [main] ERROR ActionDriver - Unable to describe the elementno such element: Unable to locate element: {"method":"xpath","selector":"//*[@id="app"]/div[1]/div[1]/aside/nav/div[2]/ul/li[1]/a/span"}
  (Session info: chrome=149.0.7827.114)
For documentation on this error, please visit: https://www.selenium.dev/documentation/webdriver/troubleshooting/errors#nosuchelementexception
Build info: version: '4.44.0', revision: 'da2039b'
System info: os.name: 'Windows 11', os.arch: 'amd64', os.version: '10.0', java.version: '17.0.10'
Driver info: org.openqa.selenium.chrome.ChromeDriver
Command: [c4a0245b425550e0f23d6593454ab4ba, findElement {value=//*[@id="app"]/div[1]/div[1]/aside/nav/div[2]/ul/li[1]/a/span, using=xpath}]
Capabilities {acceptInsecureCerts: false, browserName: chrome, browserVersion: 149.0.7827.114, chrome: {chromedriverVersion: 149.0.7827.155 (07b52360cc1..., userDataDir: C:\Users\satya\AppData\Loca...}, fedcm:accounts: true, goog:chromeOptions: {debuggerAddress: localhost:54904}, goog:processID: 4612, networkConnectionEnabled: false, pageLoadStrategy: normal, platformName: windows, proxy: Proxy(), se:cdp: ws://localhost:54904/devtoo..., se:cdpVersion: 149.0.7827.114, setWindowRect: true, strictFileInteractability: false, timeouts: {implicit: 0, pageLoad: 300000, script: 30000}, unhandledPromptBehavior: dismiss and notify, webauthn:extension:credBlob: true, webauthn:extension:largeBlob: true, webauthn:extension:minPinLength: true, webauthn:extension:prf: true, webauthn:virtualAuthenticators: true}
Session ID: c4a0245b425550e0f23d6593454ab4ba
2026-06-21 14:53:34 [main] ERROR ActionDriver - element is not visible:Expected condition failed: waiting for visibility of element found by By.xpath: //*[@id="app"]/div[1]/div[1]/aside/nav/div[2]/ul/li[1]/a/span, but... org.openqa.selenium.NoSuchElementException: no such element: Unable to locate element: {"method":"xpath","selector":"//*[@id="app"]/div[1]/div[1]/aside/nav/div[2]/ul/li[1]/a/span"}.
(tried for 20 seconds with 500 milliseconds interval)
Build info: version: '4.44.0', revision: 'da2039b'
System info: os.name: 'Windows 11', os.arch: 'amd64', os.version: '10.0', java.version: '17.0.10'
Driver info: org.openqa.selenium.chrome.ChromeDriver
Capabilities {acceptInsecureCerts: false, browserName: chrome, browserVersion: 149.0.7827.114, chrome: {chromedriverVersion: 149.0.7827.155 (07b52360cc1..., userDataDir: C:\Users\satya\AppData\Loca...}, fedcm:accounts: true, goog:chromeOptions: {debuggerAddress: localhost:54904}, goog:processID: 4612, networkConnectionEnabled: false, pageLoadStrategy: normal, platformName: windows, proxy: Proxy(), se:cdp: ws://localhost:54904/devtoo..., se:cdpVersion: 149.0.7827.114, setWindowRect: true, strictFileInteractability: false, timeouts: {implicit: 0, pageLoad: 300000, script: 30000}, unhandledPromptBehavior: dismiss and notify, webauthn:extension:credBlob: true, webauthn:extension:largeBlob: true, webauthn:extension:minPinLength: true, webauthn:extension:prf: true, webauthn:virtualAuthenticators: true}
Session ID: c4a0245b425550e0f23d6593454ab4ba
2026-06-21 14:53:44 [main] ERROR ActionDriver - Unable to describe the elementno such element: Unable to locate element: {"method":"xpath","selector":"//*[@id="app"]/div[1]/div[1]/aside/nav/div[2]/ul/li[1]/a/span"}
  (Session info: chrome=149.0.7827.114)
For documentation on this error, please visit: https://www.selenium.dev/documentation/webdriver/troubleshooting/errors#nosuchelementexception
Build info: version: '4.44.0', revision: 'da2039b'
System info: os.name: 'Windows 11', os.arch: 'amd64', os.version: '10.0', java.version: '17.0.10'
Driver info: org.openqa.selenium.chrome.ChromeDriver
Command: [c4a0245b425550e0f23d6593454ab4ba, findElement {value=//*[@id="app"]/div[1]/div[1]/aside/nav/div[2]/ul/li[1]/a/span, using=xpath}]
Capabilities {acceptInsecureCerts: false, browserName: chrome, browserVersion: 149.0.7827.114, chrome: {chromedriverVersion: 149.0.7827.155 (07b52360cc1..., userDataDir: C:\Users\satya\AppData\Loca...}, fedcm:accounts: true, goog:chromeOptions: {debuggerAddress: localhost:54904}, goog:processID: 4612, networkConnectionEnabled: false, pageLoadStrategy: normal, platformName: windows, proxy: Proxy(), se:cdp: ws://localhost:54904/devtoo..., se:cdpVersion: 149.0.7827.114, setWindowRect: true, strictFileInteractability: false, timeouts: {implicit: 0, pageLoad: 300000, script: 30000}, unhandledPromptBehavior: dismiss and notify, webauthn:extension:credBlob: true, webauthn:extension:largeBlob: true, webauthn:extension:minPinLength: true, webauthn:extension:prf: true, webauthn:virtualAuthenticators: true}
Session ID: c4a0245b425550e0f23d6593454ab4ba
2026-06-21 14:53:54 [main] ERROR ActionDriver - Unable to describe the elementno such element: Unable to locate element: {"method":"xpath","selector":"//*[@id="app"]/div[1]/div[1]/aside/nav/div[2]/ul/li[1]/a/span"}
  (Session info: chrome=149.0.7827.114)
For documentation on this error, please visit: https://www.selenium.dev/documentation/webdriver/troubleshooting/errors#nosuchelementexception
Build info: version: '4.44.0', revision: 'da2039b'
System info: os.name: 'Windows 11', os.arch: 'amd64', os.version: '10.0', java.version: '17.0.10'
Driver info: org.openqa.selenium.chrome.ChromeDriver
Command: [c4a0245b425550e0f23d6593454ab4ba, findElement {value=//*[@id="app"]/div[1]/div[1]/aside/nav/div[2]/ul/li[1]/a/span, using=xpath}]
Capabilities {acceptInsecureCerts: false, browserName: chrome, browserVersion: 149.0.7827.114, chrome: {chromedriverVersion: 149.0.7827.155 (07b52360cc1..., userDataDir: C:\Users\satya\AppData\Loca...}, fedcm:accounts: true, goog:chromeOptions: {debuggerAddress: localhost:54904}, goog:processID: 4612, networkConnectionEnabled: false, pageLoadStrategy: normal, platformName: windows, proxy: Proxy(), se:cdp: ws://localhost:54904/devtoo..., se:cdpVersion: 149.0.7827.114, setWindowRect: true, strictFileInteractability: false, timeouts: {implicit: 0, pageLoad: 300000, script: 30000}, unhandledPromptBehavior: dismiss and notify, webauthn:extension:credBlob: true, webauthn:extension:largeBlob: true, webauthn:extension:minPinLength: true, webauthn:extension:prf: true, webauthn:virtualAuthenticators: true}
Session ID: c4a0245b425550e0f23d6593454ab4ba
2026-06-21 14:54:04 [main] ERROR ActionDriver - Unable to describe the elementno such element: Unable to locate element: {"method":"xpath","selector":"//*[@id="app"]/div[1]/div[1]/aside/nav/div[2]/ul/li[1]/a/span"}
  (Session info: chrome=149.0.7827.114)
For documentation on this error, please visit: https://www.selenium.dev/documentation/webdriver/troubleshooting/errors#nosuchelementexception
Build info: version: '4.44.0', revision: 'da2039b'
System info: os.name: 'Windows 11', os.arch: 'amd64', os.version: '10.0', java.version: '17.0.10'
Driver info: org.openqa.selenium.chrome.ChromeDriver
Command: [c4a0245b425550e0f23d6593454ab4ba, findElement {value=//*[@id="app"]/div[1]/div[1]/aside/nav/div[2]/ul/li[1]/a/span, using=xpath}]
Capabilities {acceptInsecureCerts: false, browserName: chrome, browserVersion: 149.0.7827.114, chrome: {chromedriverVersion: 149.0.7827.155 (07b52360cc1..., userDataDir: C:\Users\satya\AppData\Loca...}, fedcm:accounts: true, goog:chromeOptions: {debuggerAddress: localhost:54904}, goog:processID: 4612, networkConnectionEnabled: false, pageLoadStrategy: normal, platformName: windows, proxy: Proxy(), se:cdp: ws://localhost:54904/devtoo..., se:cdpVersion: 149.0.7827.114, setWindowRect: true, strictFileInteractability: false, timeouts: {implicit: 0, pageLoad: 300000, script: 30000}, unhandledPromptBehavior: dismiss and notify, webauthn:extension:credBlob: true, webauthn:extension:largeBlob: true, webauthn:extension:minPinLength: true, webauthn:extension:prf: true, webauthn:virtualAuthenticators: true}
Session ID: c4a0245b425550e0f23d6593454ab4ba
2026-06-21 14:54:34 [main] ERROR ActionDriver - Unable to describe the elementno such element: Unable to locate element: {"method":"xpath","selector":"//*[@id="app"]/div[1]/div[1]/aside/nav/div[2]/ul/li[1]/a/span"}
  (Session info: chrome=149.0.7827.114)
For documentation on this error, please visit: https://www.selenium.dev/documentation/webdriver/troubleshooting/errors#nosuchelementexception
Build info: version: '4.44.0', revision: 'da2039b'
System info: os.name: 'Windows 11', os.arch: 'amd64', os.version: '10.0', java.version: '17.0.10'
Driver info: org.openqa.selenium.chrome.ChromeDriver
Command: [c4a0245b425550e0f23d6593454ab4ba, findElement {value=//*[@id="app"]/div[1]/div[1]/aside/nav/div[2]/ul/li[1]/a/span, using=xpath}]
Capabilities {acceptInsecureCerts: false, browserName: chrome, browserVersion: 149.0.7827.114, chrome: {chromedriverVersion: 149.0.7827.155 (07b52360cc1..., userDataDir: C:\Users\satya\AppData\Loca...}, fedcm:accounts: true, goog:chromeOptions: {debuggerAddress: localhost:54904}, goog:processID: 4612, networkConnectionEnabled: false, pageLoadStrategy: normal, platformName: windows, proxy: Proxy(), se:cdp: ws://localhost:54904/devtoo..., se:cdpVersion: 149.0.7827.114, setWindowRect: true, strictFileInteractability: false, timeouts: {implicit: 0, pageLoad: 300000, script: 30000}, unhandledPromptBehavior: dismiss and notify, webauthn:extension:credBlob: true, webauthn:extension:largeBlob: true, webauthn:extension:minPinLength: true, webauthn:extension:prf: true, webauthn:virtualAuthenticators: true}
Session ID: c4a0245b425550e0f23d6593454ab4ba
2026-06-21 14:54:44 [main] ERROR ActionDriver - Unable to describe the elementno such element: Unable to locate element: {"method":"xpath","selector":"//*[@id="app"]/div[1]/div[1]/aside/nav/div[2]/ul/li[1]/a/span"}
  (Session info: chrome=149.0.7827.114)
For documentation on this error, please visit: https://www.selenium.dev/documentation/webdriver/troubleshooting/errors#nosuchelementexception
Build info: version: '4.44.0', revision: 'da2039b'
System info: os.name: 'Windows 11', os.arch: 'amd64', os.version: '10.0', java.version: '17.0.10'
Driver info: org.openqa.selenium.chrome.ChromeDriver
Command: [c4a0245b425550e0f23d6593454ab4ba, findElement {value=//*[@id="app"]/div[1]/div[1]/aside/nav/div[2]/ul/li[1]/a/span, using=xpath}]
Capabilities {acceptInsecureCerts: false, browserName: chrome, browserVersion: 149.0.7827.114, chrome: {chromedriverVersion: 149.0.7827.155 (07b52360cc1..., userDataDir: C:\Users\satya\AppData\Loca...}, fedcm:accounts: true, goog:chromeOptions: {debuggerAddress: localhost:54904}, goog:processID: 4612, networkConnectionEnabled: false, pageLoadStrategy: normal, platformName: windows, proxy: Proxy(), se:cdp: ws://localhost:54904/devtoo..., se:cdpVersion: 149.0.7827.114, setWindowRect: true, strictFileInteractability: false, timeouts: {implicit: 0, pageLoad: 300000, script: 30000}, unhandledPromptBehavior: dismiss and notify, webauthn:extension:credBlob: true, webauthn:extension:largeBlob: true, webauthn:extension:minPinLength: true, webauthn:extension:prf: true, webauthn:virtualAuthenticators: true}
Session ID: c4a0245b425550e0f23d6593454ab4ba
2026-06-21 14:54:44 [main] ERROR ActionDriver - Element is not visibleno such element: Unable to locate element: {"method":"xpath","selector":"//*[@id="app"]/div[1]/div[1]/aside/nav/div[2]/ul/li[1]/a/span"}
  (Session info: chrome=149.0.7827.114)
For documentation on this error, please visit: https://www.selenium.dev/documentation/webdriver/troubleshooting/errors#nosuchelementexception
Build info: version: '4.44.0', revision: 'da2039b'
System info: os.name: 'Windows 11', os.arch: 'amd64', os.version: '10.0', java.version: '17.0.10'
Driver info: org.openqa.selenium.chrome.ChromeDriver
Command: [c4a0245b425550e0f23d6593454ab4ba, findElement {value=//*[@id="app"]/div[1]/div[1]/aside/nav/div[2]/ul/li[1]/a/span, using=xpath}]
Capabilities {acceptInsecureCerts: false, browserName: chrome, browserVersion: 149.0.7827.114, chrome: {chromedriverVersion: 149.0.7827.155 (07b52360cc1..., userDataDir: C:\Users\satya\AppData\Loca...}, fedcm:accounts: true, goog:chromeOptions: {debuggerAddress: localhost:54904}, goog:processID: 4612, networkConnectionEnabled: false, pageLoadStrategy: normal, platformName: windows, proxy: Proxy(), se:cdp: ws://localhost:54904/devtoo..., se:cdpVersion: 149.0.7827.114, setWindowRect: true, strictFileInteractability: false, timeouts: {implicit: 0, pageLoad: 300000, script: 30000}, unhandledPromptBehavior: dismiss and notify, webauthn:extension:credBlob: true, webauthn:extension:largeBlob: true, webauthn:extension:minPinLength: true, webauthn:extension:prf: true, webauthn:virtualAuthenticators: true}
Session ID: c4a0245b425550e0f23d6593454ab4ba
2026-06-21 14:54:56 [main] ERROR BaseClass - This is a error message
2026-06-21 14:54:56 [main] FATAL BaseClass - This is a fatal message
2026-06-21 14:55:17 [main] ERROR ActionDriver - Unable to describe the elementno such element: Unable to locate element: {"method":"xpath","selector":"/html/body/div/div[1]/div[1]/aside/nav/div[1]/a/div[2]/img"}
  (Session info: chrome=149.0.7827.114)
For documentation on this error, please visit: https://www.selenium.dev/documentation/webdriver/troubleshooting/errors#nosuchelementexception
Build info: version: '4.44.0', revision: 'da2039b'
System info: os.name: 'Windows 11', os.arch: 'amd64', os.version: '10.0', java.version: '17.0.10'
Driver info: org.openqa.selenium.chrome.ChromeDriver
Command: [c44a1def2f0ea027cb9eabf57e6b63ca, findElement {value=/html/body/div/div[1]/div[1]/aside/nav/div[1]/a/div[2]/img, using=xpath}]
Capabilities {acceptInsecureCerts: false, browserName: chrome, browserVersion: 149.0.7827.114, chrome: {chromedriverVersion: 149.0.7827.155 (07b52360cc1..., userDataDir: C:\Users\satya\AppData\Loca...}, fedcm:accounts: true, goog:chromeOptions: {debuggerAddress: localhost:61713}, goog:processID: 19608, networkConnectionEnabled: false, pageLoadStrategy: normal, platformName: windows, proxy: Proxy(), se:cdp: ws://localhost:61713/devtoo..., se:cdpVersion: 149.0.7827.114, setWindowRect: true, strictFileInteractability: false, timeouts: {implicit: 0, pageLoad: 300000, script: 30000}, unhandledPromptBehavior: dismiss and notify, webauthn:extension:credBlob: true, webauthn:extension:largeBlob: true, webauthn:extension:minPinLength: true, webauthn:extension:prf: true, webauthn:virtualAuthenticators: true}
Session ID: c44a1def2f0ea027cb9eabf57e6b63ca
2026-06-21 14:55:37 [main] ERROR ActionDriver - element is not visible:Expected condition failed: waiting for visibility of element found by By.xpath: /html/body/div/div[1]/div[1]/aside/nav/div[1]/a/div[2]/img, but... org.openqa.selenium.NoSuchElementException: no such element: Unable to locate element: {"method":"xpath","selector":"/html/body/div/div[1]/div[1]/aside/nav/div[1]/a/div[2]/img"}.
(tried for 20 seconds with 500 milliseconds interval)
Build info: version: '4.44.0', revision: 'da2039b'
System info: os.name: 'Windows 11', os.arch: 'amd64', os.version: '10.0', java.version: '17.0.10'
Driver info: org.openqa.selenium.chrome.ChromeDriver
Capabilities {acceptInsecureCerts: false, browserName: chrome, browserVersion: 149.0.7827.114, chrome: {chromedriverVersion: 149.0.7827.155 (07b52360cc1..., userDataDir: C:\Users\satya\AppData\Loca...}, fedcm:accounts: true, goog:chromeOptions: {debuggerAddress: localhost:61713}, goog:processID: 19608, networkConnectionEnabled: false, pageLoadStrategy: normal, platformName: windows, proxy: Proxy(), se:cdp: ws://localhost:61713/devtoo..., se:cdpVersion: 149.0.7827.114, setWindowRect: true, strictFileInteractability: false, timeouts: {implicit: 0, pageLoad: 300000, script: 30000}, unhandledPromptBehavior: dismiss and notify, webauthn:extension:credBlob: true, webauthn:extension:largeBlob: true, webauthn:extension:minPinLength: true, webauthn:extension:prf: true, webauthn:virtualAuthenticators: true}
Session ID: c44a1def2f0ea027cb9eabf57e6b63ca
2026-06-21 14:55:47 [main] ERROR ActionDriver - Unable to describe the elementno such element: Unable to locate element: {"method":"xpath","selector":"/html/body/div/div[1]/div[1]/aside/nav/div[1]/a/div[2]/img"}
  (Session info: chrome=149.0.7827.114)
For documentation on this error, please visit: https://www.selenium.dev/documentation/webdriver/troubleshooting/errors#nosuchelementexception
Build info: version: '4.44.0', revision: 'da2039b'
System info: os.name: 'Windows 11', os.arch: 'amd64', os.version: '10.0', java.version: '17.0.10'
Driver info: org.openqa.selenium.chrome.ChromeDriver
Command: [c44a1def2f0ea027cb9eabf57e6b63ca, findElement {value=/html/body/div/div[1]/div[1]/aside/nav/div[1]/a/div[2]/img, using=xpath}]
Capabilities {acceptInsecureCerts: false, browserName: chrome, browserVersion: 149.0.7827.114, chrome: {chromedriverVersion: 149.0.7827.155 (07b52360cc1..., userDataDir: C:\Users\satya\AppData\Loca...}, fedcm:accounts: true, goog:chromeOptions: {debuggerAddress: localhost:61713}, goog:processID: 19608, networkConnectionEnabled: false, pageLoadStrategy: normal, platformName: windows, proxy: Proxy(), se:cdp: ws://localhost:61713/devtoo..., se:cdpVersion: 149.0.7827.114, setWindowRect: true, strictFileInteractability: false, timeouts: {implicit: 0, pageLoad: 300000, script: 30000}, unhandledPromptBehavior: dismiss and notify, webauthn:extension:credBlob: true, webauthn:extension:largeBlob: true, webauthn:extension:minPinLength: true, webauthn:extension:prf: true, webauthn:virtualAuthenticators: true}
Session ID: c44a1def2f0ea027cb9eabf57e6b63ca
2026-06-21 14:55:57 [main] ERROR ActionDriver - Unable to describe the elementno such element: Unable to locate element: {"method":"xpath","selector":"/html/body/div/div[1]/div[1]/aside/nav/div[1]/a/div[2]/img"}
  (Session info: chrome=149.0.7827.114)
For documentation on this error, please visit: https://www.selenium.dev/documentation/webdriver/troubleshooting/errors#nosuchelementexception
Build info: version: '4.44.0', revision: 'da2039b'
System info: os.name: 'Windows 11', os.arch: 'amd64', os.version: '10.0', java.version: '17.0.10'
Driver info: org.openqa.selenium.chrome.ChromeDriver
Command: [c44a1def2f0ea027cb9eabf57e6b63ca, findElement {value=/html/body/div/div[1]/div[1]/aside/nav/div[1]/a/div[2]/img, using=xpath}]
Capabilities {acceptInsecureCerts: false, browserName: chrome, browserVersion: 149.0.7827.114, chrome: {chromedriverVersion: 149.0.7827.155 (07b52360cc1..., userDataDir: C:\Users\satya\AppData\Loca...}, fedcm:accounts: true, goog:chromeOptions: {debuggerAddress: localhost:61713}, goog:processID: 19608, networkConnectionEnabled: false, pageLoadStrategy: normal, platformName: windows, proxy: Proxy(), se:cdp: ws://localhost:61713/devtoo..., se:cdpVersion: 149.0.7827.114, setWindowRect: true, strictFileInteractability: false, timeouts: {implicit: 0, pageLoad: 300000, script: 30000}, unhandledPromptBehavior: dismiss and notify, webauthn:extension:credBlob: true, webauthn:extension:largeBlob: true, webauthn:extension:minPinLength: true, webauthn:extension:prf: true, webauthn:virtualAuthenticators: true}
Session ID: c44a1def2f0ea027cb9eabf57e6b63ca
2026-06-21 14:56:07 [main] ERROR ActionDriver - Unable to describe the elementno such element: Unable to locate element: {"method":"xpath","selector":"/html/body/div/div[1]/div[1]/aside/nav/div[1]/a/div[2]/img"}
  (Session info: chrome=149.0.7827.114)
For documentation on this error, please visit: https://www.selenium.dev/documentation/webdriver/troubleshooting/errors#nosuchelementexception
Build info: version: '4.44.0', revision: 'da2039b'
System info: os.name: 'Windows 11', os.arch: 'amd64', os.version: '10.0', java.version: '17.0.10'
Driver info: org.openqa.selenium.chrome.ChromeDriver
Command: [c44a1def2f0ea027cb9eabf57e6b63ca, findElement {value=/html/body/div/div[1]/div[1]/aside/nav/div[1]/a/div[2]/img, using=xpath}]
Capabilities {acceptInsecureCerts: false, browserName: chrome, browserVersion: 149.0.7827.114, chrome: {chromedriverVersion: 149.0.7827.155 (07b52360cc1..., userDataDir: C:\Users\satya\AppData\Loca...}, fedcm:accounts: true, goog:chromeOptions: {debuggerAddress: localhost:61713}, goog:processID: 19608, networkConnectionEnabled: false, pageLoadStrategy: normal, platformName: windows, proxy: Proxy(), se:cdp: ws://localhost:61713/devtoo..., se:cdpVersion: 149.0.7827.114, setWindowRect: true, strictFileInteractability: false, timeouts: {implicit: 0, pageLoad: 300000, script: 30000}, unhandledPromptBehavior: dismiss and notify, webauthn:extension:credBlob: true, webauthn:extension:largeBlob: true, webauthn:extension:minPinLength: true, webauthn:extension:prf: true, webauthn:virtualAuthenticators: true}
Session ID: c44a1def2f0ea027cb9eabf57e6b63ca
2026-06-21 14:56:38 [main] ERROR ActionDriver - Unable to describe the elementno such element: Unable to locate element: {"method":"xpath","selector":"/html/body/div/div[1]/div[1]/aside/nav/div[1]/a/div[2]/img"}
  (Session info: chrome=149.0.7827.114)
For documentation on this error, please visit: https://www.selenium.dev/documentation/webdriver/troubleshooting/errors#nosuchelementexception
Build info: version: '4.44.0', revision: 'da2039b'
System info: os.name: 'Windows 11', os.arch: 'amd64', os.version: '10.0', java.version: '17.0.10'
Driver info: org.openqa.selenium.chrome.ChromeDriver
Command: [c44a1def2f0ea027cb9eabf57e6b63ca, findElement {value=/html/body/div/div[1]/div[1]/aside/nav/div[1]/a/div[2]/img, using=xpath}]
Capabilities {acceptInsecureCerts: false, browserName: chrome, browserVersion: 149.0.7827.114, chrome: {chromedriverVersion: 149.0.7827.155 (07b52360cc1..., userDataDir: C:\Users\satya\AppData\Loca...}, fedcm:accounts: true, goog:chromeOptions: {debuggerAddress: localhost:61713}, goog:processID: 19608, networkConnectionEnabled: false, pageLoadStrategy: normal, platformName: windows, proxy: Proxy(), se:cdp: ws://localhost:61713/devtoo..., se:cdpVersion: 149.0.7827.114, setWindowRect: true, strictFileInteractability: false, timeouts: {implicit: 0, pageLoad: 300000, script: 30000}, unhandledPromptBehavior: dismiss and notify, webauthn:extension:credBlob: true, webauthn:extension:largeBlob: true, webauthn:extension:minPinLength: true, webauthn:extension:prf: true, webauthn:virtualAuthenticators: true}
Session ID: c44a1def2f0ea027cb9eabf57e6b63ca
2026-06-21 14:56:48 [main] ERROR ActionDriver - Unable to describe the elementno such element: Unable to locate element: {"method":"xpath","selector":"/html/body/div/div[1]/div[1]/aside/nav/div[1]/a/div[2]/img"}
  (Session info: chrome=149.0.7827.114)
For documentation on this error, please visit: https://www.selenium.dev/documentation/webdriver/troubleshooting/errors#nosuchelementexception
Build info: version: '4.44.0', revision: 'da2039b'
System info: os.name: 'Windows 11', os.arch: 'amd64', os.version: '10.0', java.version: '17.0.10'
Driver info: org.openqa.selenium.chrome.ChromeDriver
Command: [c44a1def2f0ea027cb9eabf57e6b63ca, findElement {value=/html/body/div/div[1]/div[1]/aside/nav/div[1]/a/div[2]/img, using=xpath}]
Capabilities {acceptInsecureCerts: false, browserName: chrome, browserVersion: 149.0.7827.114, chrome: {chromedriverVersion: 149.0.7827.155 (07b52360cc1..., userDataDir: C:\Users\satya\AppData\Loca...}, fedcm:accounts: true, goog:chromeOptions: {debuggerAddress: localhost:61713}, goog:processID: 19608, networkConnectionEnabled: false, pageLoadStrategy: normal, platformName: windows, proxy: Proxy(), se:cdp: ws://localhost:61713/devtoo..., se:cdpVersion: 149.0.7827.114, setWindowRect: true, strictFileInteractability: false, timeouts: {implicit: 0, pageLoad: 300000, script: 30000}, unhandledPromptBehavior: dismiss and notify, webauthn:extension:credBlob: true, webauthn:extension:largeBlob: true, webauthn:extension:minPinLength: true, webauthn:extension:prf: true, webauthn:virtualAuthenticators: true}
Session ID: c44a1def2f0ea027cb9eabf57e6b63ca
2026-06-21 14:56:48 [main] ERROR ActionDriver - Element is not visibleno such element: Unable to locate element: {"method":"xpath","selector":"/html/body/div/div[1]/div[1]/aside/nav/div[1]/a/div[2]/img"}
  (Session info: chrome=149.0.7827.114)
For documentation on this error, please visit: https://www.selenium.dev/documentation/webdriver/troubleshooting/errors#nosuchelementexception
Build info: version: '4.44.0', revision: 'da2039b'
System info: os.name: 'Windows 11', os.arch: 'amd64', os.version: '10.0', java.version: '17.0.10'
Driver info: org.openqa.selenium.chrome.ChromeDriver
Command: [c44a1def2f0ea027cb9eabf57e6b63ca, findElement {value=/html/body/div/div[1]/div[1]/aside/nav/div[1]/a/div[2]/img, using=xpath}]
Capabilities {acceptInsecureCerts: false, browserName: chrome, browserVersion: 149.0.7827.114, chrome: {chromedriverVersion: 149.0.7827.155 (07b52360cc1..., userDataDir: C:\Users\satya\AppData\Loca...}, fedcm:accounts: true, goog:chromeOptions: {debuggerAddress: localhost:61713}, goog:processID: 19608, networkConnectionEnabled: false, pageLoadStrategy: normal, platformName: windows, proxy: Proxy(), se:cdp: ws://localhost:61713/devtoo..., se:cdpVersion: 149.0.7827.114, setWindowRect: true, strictFileInteractability: false, timeouts: {implicit: 0, pageLoad: 300000, script: 30000}, unhandledPromptBehavior: dismiss and notify, webauthn:extension:credBlob: true, webauthn:extension:largeBlob: true, webauthn:extension:minPinLength: true, webauthn:extension:prf: true, webauthn:virtualAuthenticators: true}
Session ID: c44a1def2f0ea027cb9eabf57e6b63ca
2026-06-21 15:02:26 [main] ERROR BaseClass - This is a error message
2026-06-21 15:02:26 [main] FATAL BaseClass - This is a fatal message
2026-06-21 15:02:33 [main] ERROR ActionDriver - unable to compare text:Cannot invoke "com.aventstack.extentreports.ExtentTest.pass(String)" because the return value of "com.orangehrm.utilities.ExtentManager.getTest()" is null
2026-06-21 15:02:37 [main] ERROR BaseClass - This is a error message
2026-06-21 15:02:37 [main] FATAL BaseClass - This is a fatal message
2026-06-21 19:28:57 [main] ERROR BaseClass - This is a error message
2026-06-21 19:28:57 [main] FATAL BaseClass - This is a fatal message
2026-06-21 19:34:36 [main] ERROR BaseClass - This is a error message
2026-06-21 19:34:36 [main] FATAL BaseClass - This is a fatal message
2026-06-21 19:35:54 [main] ERROR BaseClass - This is a error message
2026-06-21 19:35:54 [main] FATAL BaseClass - This is a fatal message
2026-06-21 19:36:31 [main] ERROR BaseClass - This is a error message
2026-06-21 19:36:31 [main] FATAL BaseClass - This is a fatal message
2026-06-21 19:37:48 [main] ERROR BaseClass - This is a error message
2026-06-21 19:37:48 [main] FATAL BaseClass - This is a fatal message
2026-06-21 19:38:16 [main] ERROR BaseClass - This is a error message
2026-06-21 19:38:16 [main] FATAL BaseClass - This is a fatal message
2026-06-21 19:38:39 [main] ERROR BaseClass - This is a error message
2026-06-21 19:38:39 [main] FATAL BaseClass - This is a fatal message
2026-06-21 19:39:12 [main] ERROR BaseClass - This is a error message
2026-06-21 19:39:12 [main] FATAL BaseClass - This is a fatal message
2026-06-21 19:39:49 [main] ERROR BaseClass - This is a error message
2026-06-21 19:39:49 [main] FATAL BaseClass - This is a fatal message
2026-06-24 18:40:55 [TestNG-test-OrangeHRMTest-1] ERROR BaseClass - This is a error message
2026-06-24 18:40:55 [TestNG-test-OrangeHRMTest-1] FATAL BaseClass - This is a fatal message
2026-06-24 18:40:56 [TestNG-test-OrangeHRMTest-2] ERROR BaseClass - This is a error message
2026-06-24 18:40:56 [TestNG-test-OrangeHRMTest-2] FATAL BaseClass - This is a fatal message
2026-06-24 18:40:56 [TestNG-test-OrangeHRMTest-3] ERROR BaseClass - This is a error message
2026-06-24 18:40:56 [TestNG-test-OrangeHRMTest-3] FATAL BaseClass - This is a fatal message
2026-06-24 18:40:56 [TestNG-test-OrangeHRMTest-4] ERROR BaseClass - This is a error message
2026-06-24 18:40:56 [TestNG-test-OrangeHRMTest-4] FATAL BaseClass - This is a fatal message
2026-06-24 18:41:02 [TestNG-test-OrangeHRMTest-3] ERROR BaseClass - This is a error message
2026-06-24 18:41:02 [TestNG-test-OrangeHRMTest-3] FATAL BaseClass - This is a fatal message
2026-06-24 18:41:27 [TestNG-test-OrangeHRMTest-4] ERROR ActionDriver - Element is not visible:Expected condition failed: waiting for visibility of element found by By.xpath: //div[@class='oxd-brand-banner']//img, but... org.openqa.selenium.NoSuchElementException: no such element: Unable to locate element: {"method":"xpath","selector":"//div[@class='oxd-brand-banner']//img"}.
(tried for 30 seconds with 500 milliseconds interval)
Build info: version: '4.44.0', revision: 'da2039b'
System info: os.name: 'Windows 11', os.arch: 'amd64', os.version: '10.0', java.version: '17.0.10'
Driver info: org.openqa.selenium.chrome.ChromeDriver
Capabilities {acceptInsecureCerts: false, browserName: chrome, browserVersion: 149.0.7827.114, chrome: {chromedriverVersion: 149.0.7827.155 (07b52360cc1..., userDataDir: C:\Users\satya\AppData\Loca...}, fedcm:accounts: true, goog:chromeOptions: {debuggerAddress: localhost:59087}, goog:processID: 26168, networkConnectionEnabled: false, pageLoadStrategy: normal, platformName: windows, proxy: Proxy(), se:cdp: ws://localhost:59087/devtoo..., se:cdpVersion: 149.0.7827.114, setWindowRect: true, strictFileInteractability: false, timeouts: {implicit: 0, pageLoad: 300000, script: 30000}, unhandledPromptBehavior: dismiss and notify, webauthn:extension:credBlob: true, webauthn:extension:largeBlob: true, webauthn:extension:minPinLength: true, webauthn:extension:prf: true, webauthn:virtualAuthenticators: true}
Session ID: f89c8599e9c86d0d01c53303944bd5fe
2026-06-24 18:41:34 [TestNG-test-OrangeHRMTest-3] ERROR ActionDriver - Element is not visible:Expected condition failed: waiting for visibility of element found by By.xpath: //span[text()='Admin'], but... org.openqa.selenium.NoSuchElementException: no such element: Unable to locate element: {"method":"xpath","selector":"//span[text()='Admin']"}.
(tried for 30 seconds with 500 milliseconds interval)
Build info: version: '4.44.0', revision: 'da2039b'
System info: os.name: 'Windows 11', os.arch: 'amd64', os.version: '10.0', java.version: '17.0.10'
Driver info: org.openqa.selenium.chrome.ChromeDriver
Capabilities {acceptInsecureCerts: false, browserName: chrome, browserVersion: 149.0.7827.114, chrome: {chromedriverVersion: 149.0.7827.155 (07b52360cc1..., userDataDir: C:\Users\satya\AppData\Loca...}, fedcm:accounts: true, goog:chromeOptions: {debuggerAddress: localhost:63268}, goog:processID: 29844, networkConnectionEnabled: false, pageLoadStrategy: normal, platformName: windows, proxy: Proxy(), se:cdp: ws://localhost:63268/devtoo..., se:cdpVersion: 149.0.7827.114, setWindowRect: true, strictFileInteractability: false, timeouts: {implicit: 0, pageLoad: 300000, script: 30000}, unhandledPromptBehavior: dismiss and notify, webauthn:extension:credBlob: true, webauthn:extension:largeBlob: true, webauthn:extension:minPinLength: true, webauthn:extension:prf: true, webauthn:virtualAuthenticators: true}
Session ID: f4d4aa33eb38fb5e979a13a9f95b066f
2026-06-24 18:45:27 [TestNG-test-OrangeHRMTest-4] ERROR ActionDriver - Element is not displayed: no such element: Unable to locate element: {"method":"xpath","selector":"//div[@class='oxd-brand-banner']//img"}
  (Session info: chrome=149.0.7827.114)
For documentation on this error, please visit: https://www.selenium.dev/documentation/webdriver/troubleshooting/errors#nosuchelementexception
Build info: version: '4.44.0', revision: 'da2039b'
System info: os.name: 'Windows 11', os.arch: 'amd64', os.version: '10.0', java.version: '17.0.10'
Driver info: org.openqa.selenium.chrome.ChromeDriver
Command: [f89c8599e9c86d0d01c53303944bd5fe, findElement {using=xpath, value=//div[@class='oxd-brand-banner']//img}]
Capabilities {acceptInsecureCerts: false, browserName: chrome, browserVersion: 149.0.7827.114, chrome: {chromedriverVersion: 149.0.7827.155 (07b52360cc1..., userDataDir: C:\Users\satya\AppData\Loca...}, fedcm:accounts: true, goog:chromeOptions: {debuggerAddress: localhost:59087}, goog:processID: 26168, networkConnectionEnabled: false, pageLoadStrategy: normal, platformName: windows, proxy: Proxy(), se:cdp: ws://localhost:59087/devtoo..., se:cdpVersion: 149.0.7827.114, setWindowRect: true, strictFileInteractability: false, timeouts: {implicit: 0, pageLoad: 300000, script: 30000}, unhandledPromptBehavior: dismiss and notify, webauthn:extension:credBlob: true, webauthn:extension:largeBlob: true, webauthn:extension:minPinLength: true, webauthn:extension:prf: true, webauthn:virtualAuthenticators: true}
Session ID: f89c8599e9c86d0d01c53303944bd5fe
2026-06-24 18:48:48 [TestNG-test-OrangeHRMTest-1] ERROR BaseClass - This is a error message
2026-06-24 18:48:48 [TestNG-test-OrangeHRMTest-2] ERROR BaseClass - This is a error message
2026-06-24 18:48:48 [TestNG-test-OrangeHRMTest-1] FATAL BaseClass - This is a fatal message
2026-06-24 18:48:48 [TestNG-test-OrangeHRMTest-2] FATAL BaseClass - This is a fatal message
2026-06-24 18:48:48 [TestNG-test-OrangeHRMTest-4] ERROR BaseClass - This is a error message
2026-06-24 18:48:48 [TestNG-test-OrangeHRMTest-4] FATAL BaseClass - This is a fatal message
2026-06-24 18:48:48 [TestNG-test-OrangeHRMTest-3] ERROR BaseClass - This is a error message
2026-06-24 18:48:48 [TestNG-test-OrangeHRMTest-3] FATAL BaseClass - This is a fatal message
2026-06-24 18:48:54 [TestNG-test-OrangeHRMTest-3] ERROR BaseClass - This is a error message
2026-06-24 18:48:54 [TestNG-test-OrangeHRMTest-3] FATAL BaseClass - This is a fatal message
2026-06-24 18:50:01 [TestNG-test-OrangeHRMTest-2] ERROR BaseClass - This is a error message
2026-06-24 18:50:01 [TestNG-test-OrangeHRMTest-2] FATAL BaseClass - This is a fatal message
2026-06-24 18:50:01 [TestNG-test-OrangeHRMTest-1] ERROR BaseClass - This is a error message
2026-06-24 18:50:01 [TestNG-test-OrangeHRMTest-1] FATAL BaseClass - This is a fatal message
2026-06-24 18:50:01 [TestNG-test-OrangeHRMTest-4] ERROR BaseClass - This is a error message
2026-06-24 18:50:01 [TestNG-test-OrangeHRMTest-4] FATAL BaseClass - This is a fatal message
2026-06-24 18:50:01 [TestNG-test-OrangeHRMTest-3] ERROR BaseClass - This is a error message
2026-06-24 18:50:01 [TestNG-test-OrangeHRMTest-3] FATAL BaseClass - This is a fatal message
2026-06-24 18:50:07 [TestNG-test-OrangeHRMTest-3] ERROR BaseClass - This is a error message
2026-06-24 18:50:07 [TestNG-test-OrangeHRMTest-3] FATAL BaseClass - This is a fatal message
2026-06-24 18:50:33 [TestNG-test-OrangeHRMTest-4] ERROR ActionDriver - Element is not visible:Expected condition failed: waiting for visibility of element found by By.xpath: //div[@class='oxd-brand-banner']//img, but... org.openqa.selenium.NoSuchElementException: no such element: Unable to locate element: {"method":"xpath","selector":"//div[@class='oxd-brand-banner']//img"}.
(tried for 30 seconds with 500 milliseconds interval)
Build info: version: '4.44.0', revision: 'da2039b'
System info: os.name: 'Windows 11', os.arch: 'amd64', os.version: '10.0', java.version: '17.0.10'
Driver info: org.openqa.selenium.chrome.ChromeDriver
Capabilities {acceptInsecureCerts: false, browserName: chrome, browserVersion: 149.0.7827.114, chrome: {chromedriverVersion: 149.0.7827.155 (07b52360cc1..., userDataDir: C:\Users\satya\AppData\Loca...}, fedcm:accounts: true, goog:chromeOptions: {debuggerAddress: localhost:51086}, goog:processID: 26572, networkConnectionEnabled: false, pageLoadStrategy: normal, platformName: windows, proxy: Proxy(), se:cdp: ws://localhost:51086/devtoo..., se:cdpVersion: 149.0.7827.114, setWindowRect: true, strictFileInteractability: false, timeouts: {implicit: 0, pageLoad: 300000, script: 30000}, unhandledPromptBehavior: dismiss and notify, webauthn:extension:credBlob: true, webauthn:extension:largeBlob: true, webauthn:extension:minPinLength: true, webauthn:extension:prf: true, webauthn:virtualAuthenticators: true}
Session ID: 93de46b4f5431d6a26c47cc1f5aa2a80
2026-06-24 18:50:38 [TestNG-test-OrangeHRMTest-3] ERROR ActionDriver - Element is not visible:Expected condition failed: waiting for visibility of element found by By.xpath: //span[text()='Admin'], but... org.openqa.selenium.NoSuchElementException: no such element: Unable to locate element: {"method":"xpath","selector":"//span[text()='Admin']"}.
(tried for 30 seconds with 500 milliseconds interval)
Build info: version: '4.44.0', revision: 'da2039b'
System info: os.name: 'Windows 11', os.arch: 'amd64', os.version: '10.0', java.version: '17.0.10'
Driver info: org.openqa.selenium.chrome.ChromeDriver
Capabilities {acceptInsecureCerts: false, browserName: chrome, browserVersion: 149.0.7827.114, chrome: {chromedriverVersion: 149.0.7827.155 (07b52360cc1..., userDataDir: C:\Users\satya\AppData\Loca...}, fedcm:accounts: true, goog:chromeOptions: {debuggerAddress: localhost:58361}, goog:processID: 27240, networkConnectionEnabled: false, pageLoadStrategy: normal, platformName: windows, proxy: Proxy(), se:cdp: ws://localhost:58361/devtoo..., se:cdpVersion: 149.0.7827.114, setWindowRect: true, strictFileInteractability: false, timeouts: {implicit: 0, pageLoad: 300000, script: 30000}, unhandledPromptBehavior: dismiss and notify, webauthn:extension:credBlob: true, webauthn:extension:largeBlob: true, webauthn:extension:minPinLength: true, webauthn:extension:prf: true, webauthn:virtualAuthenticators: true}
Session ID: d4c26ee3431972f951eeccaa442dd691
2026-06-24 18:52:20 [TestNG-test-OrangeHRMTest-1] ERROR BaseClass - This is a error message
2026-06-24 18:52:20 [TestNG-test-OrangeHRMTest-1] FATAL BaseClass - This is a fatal message
2026-06-24 18:52:20 [TestNG-test-OrangeHRMTest-2] ERROR BaseClass - This is a error message
2026-06-24 18:52:20 [TestNG-test-OrangeHRMTest-2] FATAL BaseClass - This is a fatal message
2026-06-24 18:52:20 [TestNG-test-OrangeHRMTest-4] ERROR BaseClass - This is a error message
2026-06-24 18:52:20 [TestNG-test-OrangeHRMTest-4] FATAL BaseClass - This is a fatal message
2026-06-24 18:52:20 [TestNG-test-OrangeHRMTest-3] ERROR BaseClass - This is a error message
2026-06-24 18:52:20 [TestNG-test-OrangeHRMTest-3] FATAL BaseClass - This is a fatal message
2026-06-24 18:52:26 [TestNG-test-OrangeHRMTest-3] ERROR BaseClass - This is a error message
2026-06-24 18:52:26 [TestNG-test-OrangeHRMTest-3] FATAL BaseClass - This is a fatal message
2026-06-24 18:53:51 [TestNG-test-OrangeHRMTest-2] ERROR BaseClass - This is a error message
2026-06-24 18:53:51 [TestNG-test-OrangeHRMTest-2] FATAL BaseClass - This is a fatal message
2026-06-24 18:53:51 [TestNG-test-OrangeHRMTest-1] ERROR BaseClass - This is a error message
2026-06-24 18:53:51 [TestNG-test-OrangeHRMTest-1] FATAL BaseClass - This is a fatal message
2026-06-24 18:53:51 [TestNG-test-OrangeHRMTest-3] ERROR BaseClass - This is a error message
2026-06-24 18:53:51 [TestNG-test-OrangeHRMTest-4] ERROR BaseClass - This is a error message
2026-06-24 18:53:51 [TestNG-test-OrangeHRMTest-3] FATAL BaseClass - This is a fatal message
2026-06-24 18:53:51 [TestNG-test-OrangeHRMTest-4] FATAL BaseClass - This is a fatal message
2026-06-24 18:53:56 [TestNG-test-OrangeHRMTest-3] ERROR BaseClass - This is a error message
2026-06-24 18:53:56 [TestNG-test-OrangeHRMTest-3] FATAL BaseClass - This is a fatal message
2026-06-24 18:54:22 [TestNG-test-OrangeHRMTest-4] ERROR ActionDriver - Element is not visible:Expected condition failed: waiting for visibility of element found by By.xpath: //div[@class='oxd-brand-banner']//img
(tried for 30 seconds with 500 milliseconds interval)
Build info: version: '4.44.0', revision: 'da2039b'
System info: os.name: 'Windows 11', os.arch: 'amd64', os.version: '10.0', java.version: '17.0.10'
Driver info: org.openqa.selenium.chrome.ChromeDriver
Capabilities {acceptInsecureCerts: false, browserName: chrome, browserVersion: 149.0.7827.114, chrome: {chromedriverVersion: 149.0.7827.155 (07b52360cc1..., userDataDir: C:\Users\satya\AppData\Loca...}, fedcm:accounts: true, goog:chromeOptions: {debuggerAddress: localhost:62675}, goog:processID: 28776, networkConnectionEnabled: false, pageLoadStrategy: normal, platformName: windows, proxy: Proxy(), se:cdp: ws://localhost:62675/devtoo..., se:cdpVersion: 149.0.7827.114, setWindowRect: true, strictFileInteractability: false, timeouts: {implicit: 0, pageLoad: 300000, script: 30000}, unhandledPromptBehavior: dismiss and notify, webauthn:extension:credBlob: true, webauthn:extension:largeBlob: true, webauthn:extension:minPinLength: true, webauthn:extension:prf: true, webauthn:virtualAuthenticators: true}
Session ID: d057341494783e868863d70f389abca2
2026-06-24 18:54:25 [TestNG-test-OrangeHRMTest-4] ERROR BaseClass - This is a error message
2026-06-24 18:54:25 [TestNG-test-OrangeHRMTest-4] FATAL BaseClass - This is a fatal message
2026-06-24 18:54:27 [TestNG-test-OrangeHRMTest-3] ERROR ActionDriver - Element is not visible:Expected condition failed: waiting for visibility of element found by By.xpath: //span[text()='Admin']
(tried for 30 seconds with 500 milliseconds interval)
Build info: version: '4.44.0', revision: 'da2039b'
System info: os.name: 'Windows 11', os.arch: 'amd64', os.version: '10.0', java.version: '17.0.10'
Driver info: org.openqa.selenium.chrome.ChromeDriver
Capabilities {acceptInsecureCerts: false, browserName: chrome, browserVersion: 149.0.7827.114, chrome: {chromedriverVersion: 149.0.7827.155 (07b52360cc1..., userDataDir: C:\Users\satya\AppData\Loca...}, fedcm:accounts: true, goog:chromeOptions: {debuggerAddress: localhost:60794}, goog:processID: 10452, networkConnectionEnabled: false, pageLoadStrategy: normal, platformName: windows, proxy: Proxy(), se:cdp: ws://localhost:60794/devtoo..., se:cdpVersion: 149.0.7827.114, setWindowRect: true, strictFileInteractability: false, timeouts: {implicit: 0, pageLoad: 300000, script: 30000}, unhandledPromptBehavior: dismiss and notify, webauthn:extension:credBlob: true, webauthn:extension:largeBlob: true, webauthn:extension:minPinLength: true, webauthn:extension:prf: true, webauthn:virtualAuthenticators: true}
Session ID: 177a39f5792a91db9b0751730b4a6b4d
2026-06-24 18:54:30 [TestNG-test-OrangeHRMTest-3] ERROR BaseClass - This is a error message
2026-06-24 18:54:30 [TestNG-test-OrangeHRMTest-3] FATAL BaseClass - This is a fatal message
2026-06-24 18:54:56 [TestNG-test-OrangeHRMTest-4] ERROR ActionDriver - Element is not visible:Expected condition failed: waiting for visibility of element found by By.xpath: //div[@class='oxd-brand-banner']//img
(tried for 30 seconds with 500 milliseconds interval)
Build info: version: '4.44.0', revision: 'da2039b'
System info: os.name: 'Windows 11', os.arch: 'amd64', os.version: '10.0', java.version: '17.0.10'
Driver info: org.openqa.selenium.chrome.ChromeDriver
Capabilities {acceptInsecureCerts: false, browserName: chrome, browserVersion: 149.0.7827.114, chrome: {chromedriverVersion: 149.0.7827.155 (07b52360cc1..., userDataDir: C:\Users\satya\AppData\Loca...}, fedcm:accounts: true, goog:chromeOptions: {debuggerAddress: localhost:59547}, goog:processID: 32316, networkConnectionEnabled: false, pageLoadStrategy: normal, platformName: windows, proxy: Proxy(), se:cdp: ws://localhost:59547/devtoo..., se:cdpVersion: 149.0.7827.114, setWindowRect: true, strictFileInteractability: false, timeouts: {implicit: 0, pageLoad: 300000, script: 30000}, unhandledPromptBehavior: dismiss and notify, webauthn:extension:credBlob: true, webauthn:extension:largeBlob: true, webauthn:extension:minPinLength: true, webauthn:extension:prf: true, webauthn:virtualAuthenticators: true}
Session ID: 158b6f0e67474ea2994724b18eb99cc3
2026-06-24 18:55:00 [TestNG-test-OrangeHRMTest-4] ERROR BaseClass - This is a error message
2026-06-24 18:55:00 [TestNG-test-OrangeHRMTest-4] FATAL BaseClass - This is a fatal message
2026-06-24 18:55:01 [TestNG-test-OrangeHRMTest-3] ERROR ActionDriver - Element is not visible:Expected condition failed: waiting for visibility of element found by By.xpath: //span[text()='Admin']
(tried for 30 seconds with 500 milliseconds interval)
Build info: version: '4.44.0', revision: 'da2039b'
System info: os.name: 'Windows 11', os.arch: 'amd64', os.version: '10.0', java.version: '17.0.10'
Driver info: org.openqa.selenium.chrome.ChromeDriver
Capabilities {acceptInsecureCerts: false, browserName: chrome, browserVersion: 149.0.7827.114, chrome: {chromedriverVersion: 149.0.7827.155 (07b52360cc1..., userDataDir: C:\Users\satya\AppData\Loca...}, fedcm:accounts: true, goog:chromeOptions: {debuggerAddress: localhost:59687}, goog:processID: 30724, networkConnectionEnabled: false, pageLoadStrategy: normal, platformName: windows, proxy: Proxy(), se:cdp: ws://localhost:59687/devtoo..., se:cdpVersion: 149.0.7827.114, setWindowRect: true, strictFileInteractability: false, timeouts: {implicit: 0, pageLoad: 300000, script: 30000}, unhandledPromptBehavior: dismiss and notify, webauthn:extension:credBlob: true, webauthn:extension:largeBlob: true, webauthn:extension:minPinLength: true, webauthn:extension:prf: true, webauthn:virtualAuthenticators: true}
Session ID: 6a276510b78bb16e2fa467839ef01731
2026-06-24 18:55:05 [TestNG-test-OrangeHRMTest-3] ERROR BaseClass - This is a error message
2026-06-24 18:55:05 [TestNG-test-OrangeHRMTest-3] FATAL BaseClass - This is a fatal message
2026-06-24 18:55:31 [TestNG-test-OrangeHRMTest-4] ERROR ActionDriver - Element is not visible:Expected condition failed: waiting for visibility of element found by By.xpath: //div[@class='oxd-brand-banner']//img
(tried for 30 seconds with 500 milliseconds interval)
Build info: version: '4.44.0', revision: 'da2039b'
System info: os.name: 'Windows 11', os.arch: 'amd64', os.version: '10.0', java.version: '17.0.10'
Driver info: org.openqa.selenium.chrome.ChromeDriver
Capabilities {acceptInsecureCerts: false, browserName: chrome, browserVersion: 149.0.7827.114, chrome: {chromedriverVersion: 149.0.7827.155 (07b52360cc1..., userDataDir: C:\Users\satya\AppData\Loca...}, fedcm:accounts: true, goog:chromeOptions: {debuggerAddress: localhost:60823}, goog:processID: 30760, networkConnectionEnabled: false, pageLoadStrategy: normal, platformName: windows, proxy: Proxy(), se:cdp: ws://localhost:60823/devtoo..., se:cdpVersion: 149.0.7827.114, setWindowRect: true, strictFileInteractability: false, timeouts: {implicit: 0, pageLoad: 300000, script: 30000}, unhandledPromptBehavior: dismiss and notify, webauthn:extension:credBlob: true, webauthn:extension:largeBlob: true, webauthn:extension:minPinLength: true, webauthn:extension:prf: true, webauthn:virtualAuthenticators: true}
Session ID: 21be1f15a600259388286360be642b7e
2026-06-24 18:55:36 [TestNG-test-OrangeHRMTest-3] ERROR ActionDriver - Element is not visible:Expected condition failed: waiting for visibility of element found by By.xpath: //span[text()='Admin']
(tried for 30 seconds with 500 milliseconds interval)
Build info: version: '4.44.0', revision: 'da2039b'
System info: os.name: 'Windows 11', os.arch: 'amd64', os.version: '10.0', java.version: '17.0.10'
Driver info: org.openqa.selenium.chrome.ChromeDriver
Capabilities {acceptInsecureCerts: false, browserName: chrome, browserVersion: 149.0.7827.114, chrome: {chromedriverVersion: 149.0.7827.155 (07b52360cc1..., userDataDir: C:\Users\satya\AppData\Loca...}, fedcm:accounts: true, goog:chromeOptions: {debuggerAddress: localhost:49295}, goog:processID: 28908, networkConnectionEnabled: false, pageLoadStrategy: normal, platformName: windows, proxy: Proxy(), se:cdp: ws://localhost:49295/devtoo..., se:cdpVersion: 149.0.7827.114, setWindowRect: true, strictFileInteractability: false, timeouts: {implicit: 0, pageLoad: 300000, script: 30000}, unhandledPromptBehavior: dismiss and notify, webauthn:extension:credBlob: true, webauthn:extension:largeBlob: true, webauthn:extension:minPinLength: true, webauthn:extension:prf: true, webauthn:virtualAuthenticators: true}
Session ID: 8ce18055b30d8d45e5e56a47d6ab17d3
2026-06-24 19:16:57 [TestNG-test-OrangeHRMTest-1] ERROR BaseClass - This is a error message
2026-06-24 19:16:57 [TestNG-test-OrangeHRMTest-2] ERROR BaseClass - This is a error message
2026-06-24 19:16:57 [TestNG-test-OrangeHRMTest-1] FATAL BaseClass - This is a fatal message
2026-06-24 19:16:57 [TestNG-test-OrangeHRMTest-2] FATAL BaseClass - This is a fatal message
2026-06-24 19:16:57 [TestNG-test-OrangeHRMTest-4] ERROR BaseClass - This is a error message
2026-06-24 19:16:57 [TestNG-test-OrangeHRMTest-4] FATAL BaseClass - This is a fatal message
2026-06-24 19:16:57 [TestNG-test-OrangeHRMTest-3] ERROR BaseClass - This is a error message
2026-06-24 19:16:57 [TestNG-test-OrangeHRMTest-3] FATAL BaseClass - This is a fatal message
2026-06-24 19:17:03 [TestNG-test-OrangeHRMTest-3] ERROR BaseClass - This is a error message
2026-06-24 19:17:03 [TestNG-test-OrangeHRMTest-3] FATAL BaseClass - This is a fatal message
2026-06-24 19:17:28 [TestNG-test-OrangeHRMTest-4] ERROR ActionDriver - Element is not visible:Expected condition failed: waiting for visibility of element found by By.xpath: //div[@class='oxd-brand-banner']//img
(tried for 30 seconds with 500 milliseconds interval)
Build info: version: '4.44.0', revision: 'da2039b'
System info: os.name: 'Windows 11', os.arch: 'amd64', os.version: '10.0', java.version: '17.0.10'
Driver info: org.openqa.selenium.chrome.ChromeDriver
Capabilities {acceptInsecureCerts: false, browserName: chrome, browserVersion: 149.0.7827.114, chrome: {chromedriverVersion: 149.0.7827.155 (07b52360cc1..., userDataDir: C:\Users\satya\AppData\Loca...}, fedcm:accounts: true, goog:chromeOptions: {debuggerAddress: localhost:58871}, goog:processID: 34320, networkConnectionEnabled: false, pageLoadStrategy: normal, platformName: windows, proxy: Proxy(), se:cdp: ws://localhost:58871/devtoo..., se:cdpVersion: 149.0.7827.114, setWindowRect: true, strictFileInteractability: false, timeouts: {implicit: 0, pageLoad: 300000, script: 30000}, unhandledPromptBehavior: dismiss and notify, webauthn:extension:credBlob: true, webauthn:extension:largeBlob: true, webauthn:extension:minPinLength: true, webauthn:extension:prf: true, webauthn:virtualAuthenticators: true}
Session ID: 9ae94b66b3cc9effc7ede65e5f1570db
2026-06-24 19:17:32 [TestNG-test-OrangeHRMTest-4] ERROR BaseClass - This is a error message
2026-06-24 19:17:32 [TestNG-test-OrangeHRMTest-4] FATAL BaseClass - This is a fatal message
2026-06-24 19:17:34 [TestNG-test-OrangeHRMTest-3] ERROR ActionDriver - Element is not visible:Expected condition failed: waiting for visibility of element found by By.xpath: //span[text()='Admin']
(tried for 30 seconds with 500 milliseconds interval)
Build info: version: '4.44.0', revision: 'da2039b'
System info: os.name: 'Windows 11', os.arch: 'amd64', os.version: '10.0', java.version: '17.0.10'
Driver info: org.openqa.selenium.chrome.ChromeDriver
Capabilities {acceptInsecureCerts: false, browserName: chrome, browserVersion: 149.0.7827.114, chrome: {chromedriverVersion: 149.0.7827.155 (07b52360cc1..., userDataDir: C:\Users\satya\AppData\Loca...}, fedcm:accounts: true, goog:chromeOptions: {debuggerAddress: localhost:60107}, goog:processID: 36856, networkConnectionEnabled: false, pageLoadStrategy: normal, platformName: windows, proxy: Proxy(), se:cdp: ws://localhost:60107/devtoo..., se:cdpVersion: 149.0.7827.114, setWindowRect: true, strictFileInteractability: false, timeouts: {implicit: 0, pageLoad: 300000, script: 30000}, unhandledPromptBehavior: dismiss and notify, webauthn:extension:credBlob: true, webauthn:extension:largeBlob: true, webauthn:extension:minPinLength: true, webauthn:extension:prf: true, webauthn:virtualAuthenticators: true}
Session ID: 0747b214cff76e0ca799dfcf0716c564
2026-06-24 19:17:37 [TestNG-test-OrangeHRMTest-3] ERROR BaseClass - This is a error message
2026-06-24 19:17:37 [TestNG-test-OrangeHRMTest-3] FATAL BaseClass - This is a fatal message
2026-06-24 19:18:02 [TestNG-test-OrangeHRMTest-4] ERROR ActionDriver - Element is not visible:Expected condition failed: waiting for visibility of element found by By.xpath: //div[@class='oxd-brand-banner']//img
(tried for 30 seconds with 500 milliseconds interval)
Build info: version: '4.44.0', revision: 'da2039b'
System info: os.name: 'Windows 11', os.arch: 'amd64', os.version: '10.0', java.version: '17.0.10'
Driver info: org.openqa.selenium.chrome.ChromeDriver
Capabilities {acceptInsecureCerts: false, browserName: chrome, browserVersion: 149.0.7827.114, chrome: {chromedriverVersion: 149.0.7827.155 (07b52360cc1..., userDataDir: C:\Users\satya\AppData\Loca...}, fedcm:accounts: true, goog:chromeOptions: {debuggerAddress: localhost:51963}, goog:processID: 31936, networkConnectionEnabled: false, pageLoadStrategy: normal, platformName: windows, proxy: Proxy(), se:cdp: ws://localhost:51963/devtoo..., se:cdpVersion: 149.0.7827.114, setWindowRect: true, strictFileInteractability: false, timeouts: {implicit: 0, pageLoad: 300000, script: 30000}, unhandledPromptBehavior: dismiss and notify, webauthn:extension:credBlob: true, webauthn:extension:largeBlob: true, webauthn:extension:minPinLength: true, webauthn:extension:prf: true, webauthn:virtualAuthenticators: true}
Session ID: 04d6313a86195eb6122c1716e48df556
2026-06-24 19:18:06 [TestNG-test-OrangeHRMTest-4] ERROR BaseClass - This is a error message
2026-06-24 19:18:06 [TestNG-test-OrangeHRMTest-4] FATAL BaseClass - This is a fatal message
2026-06-24 19:18:08 [TestNG-test-OrangeHRMTest-3] ERROR ActionDriver - Element is not visible:Expected condition failed: waiting for visibility of element found by By.xpath: //span[text()='Admin']
(tried for 30 seconds with 500 milliseconds interval)
Build info: version: '4.44.0', revision: 'da2039b'
System info: os.name: 'Windows 11', os.arch: 'amd64', os.version: '10.0', java.version: '17.0.10'
Driver info: org.openqa.selenium.chrome.ChromeDriver
Capabilities {acceptInsecureCerts: false, browserName: chrome, browserVersion: 149.0.7827.114, chrome: {chromedriverVersion: 149.0.7827.155 (07b52360cc1..., userDataDir: C:\Users\satya\AppData\Loca...}, fedcm:accounts: true, goog:chromeOptions: {debuggerAddress: localhost:52082}, goog:processID: 34508, networkConnectionEnabled: false, pageLoadStrategy: normal, platformName: windows, proxy: Proxy(), se:cdp: ws://localhost:52082/devtoo..., se:cdpVersion: 149.0.7827.114, setWindowRect: true, strictFileInteractability: false, timeouts: {implicit: 0, pageLoad: 300000, script: 30000}, unhandledPromptBehavior: dismiss and notify, webauthn:extension:credBlob: true, webauthn:extension:largeBlob: true, webauthn:extension:minPinLength: true, webauthn:extension:prf: true, webauthn:virtualAuthenticators: true}
Session ID: a31867e87267b962a4223313d108ea8a
2026-06-24 19:18:12 [TestNG-test-OrangeHRMTest-3] ERROR BaseClass - This is a error message
2026-06-24 19:18:12 [TestNG-test-OrangeHRMTest-3] FATAL BaseClass - This is a fatal message
2026-06-24 19:18:36 [TestNG-test-OrangeHRMTest-4] ERROR ActionDriver - Element is not visible:Expected condition failed: waiting for visibility of element found by By.xpath: //div[@class='oxd-brand-banner']//img
(tried for 30 seconds with 500 milliseconds interval)
Build info: version: '4.44.0', revision: 'da2039b'
System info: os.name: 'Windows 11', os.arch: 'amd64', os.version: '10.0', java.version: '17.0.10'
Driver info: org.openqa.selenium.chrome.ChromeDriver
Capabilities {acceptInsecureCerts: false, browserName: chrome, browserVersion: 149.0.7827.114, chrome: {chromedriverVersion: 149.0.7827.155 (07b52360cc1..., userDataDir: C:\Users\satya\AppData\Loca...}, fedcm:accounts: true, goog:chromeOptions: {debuggerAddress: localhost:53552}, goog:processID: 35036, networkConnectionEnabled: false, pageLoadStrategy: normal, platformName: windows, proxy: Proxy(), se:cdp: ws://localhost:53552/devtoo..., se:cdpVersion: 149.0.7827.114, setWindowRect: true, strictFileInteractability: false, timeouts: {implicit: 0, pageLoad: 300000, script: 30000}, unhandledPromptBehavior: dismiss and notify, webauthn:extension:credBlob: true, webauthn:extension:largeBlob: true, webauthn:extension:minPinLength: true, webauthn:extension:prf: true, webauthn:virtualAuthenticators: true}
Session ID: 320eb1610e2f672dc7f0fcfca96bb7f4
2026-06-24 19:18:42 [TestNG-test-OrangeHRMTest-3] ERROR ActionDriver - Element is not visible:Expected condition failed: waiting for visibility of element found by By.xpath: //span[text()='Admin']
(tried for 30 seconds with 500 milliseconds interval)
Build info: version: '4.44.0', revision: 'da2039b'
System info: os.name: 'Windows 11', os.arch: 'amd64', os.version: '10.0', java.version: '17.0.10'
Driver info: org.openqa.selenium.chrome.ChromeDriver
Capabilities {acceptInsecureCerts: false, browserName: chrome, browserVersion: 149.0.7827.114, chrome: {chromedriverVersion: 149.0.7827.155 (07b52360cc1..., userDataDir: C:\Users\satya\AppData\Loca...}, fedcm:accounts: true, goog:chromeOptions: {debuggerAddress: localhost:54114}, goog:processID: 33492, networkConnectionEnabled: false, pageLoadStrategy: normal, platformName: windows, proxy: Proxy(), se:cdp: ws://localhost:54114/devtoo..., se:cdpVersion: 149.0.7827.114, setWindowRect: true, strictFileInteractability: false, timeouts: {implicit: 0, pageLoad: 300000, script: 30000}, unhandledPromptBehavior: dismiss and notify, webauthn:extension:credBlob: true, webauthn:extension:largeBlob: true, webauthn:extension:minPinLength: true, webauthn:extension:prf: true, webauthn:virtualAuthenticators: true}
Session ID: dea33cd7cc9d6e12f27658d3f4acdf69
2026-06-26 06:57:51 [TestNG-test-OrangeHRMTest-3] ERROR BaseClass - This is a error message
2026-06-26 06:57:51 [TestNG-test-OrangeHRMTest-3] FATAL BaseClass - This is a fatal message
2026-06-26 06:57:51 [TestNG-test-OrangeHRMTest-1] ERROR BaseClass - This is a error message
2026-06-26 06:57:51 [TestNG-test-OrangeHRMTest-2] ERROR BaseClass - This is a error message
2026-06-26 06:57:51 [TestNG-test-OrangeHRMTest-4] ERROR BaseClass - This is a error message
2026-06-26 06:57:51 [TestNG-test-OrangeHRMTest-1] FATAL BaseClass - This is a fatal message
2026-06-26 06:57:51 [TestNG-test-OrangeHRMTest-2] FATAL BaseClass - This is a fatal message
2026-06-26 06:57:51 [TestNG-test-OrangeHRMTest-4] FATAL BaseClass - This is a fatal message
2026-06-26 06:57:57 [TestNG-test-OrangeHRMTest-3] ERROR BaseClass - This is a error message
2026-06-26 06:57:57 [TestNG-test-OrangeHRMTest-3] FATAL BaseClass - This is a fatal message
2026-06-26 06:58:22 [TestNG-test-OrangeHRMTest-4] ERROR ActionDriver - Element is not visible:Expected condition failed: waiting for visibility of element found by By.xpath: //div[@class='oxd-brand-banner']//img
(tried for 30 seconds with 500 milliseconds interval)
Build info: version: '4.44.0', revision: 'da2039b'
System info: os.name: 'Windows 11', os.arch: 'amd64', os.version: '10.0', java.version: '17.0.10'
Driver info: org.openqa.selenium.chrome.ChromeDriver
Capabilities {acceptInsecureCerts: false, browserName: chrome, browserVersion: 149.0.7827.114, chrome: {chromedriverVersion: 149.0.7827.155 (07b52360cc1..., userDataDir: C:\Users\satya\AppData\Loca...}, fedcm:accounts: true, goog:chromeOptions: {debuggerAddress: localhost:65167}, goog:processID: 26644, networkConnectionEnabled: false, pageLoadStrategy: normal, platformName: windows, proxy: Proxy(), se:cdp: ws://localhost:65167/devtoo..., se:cdpVersion: 149.0.7827.114, setWindowRect: true, strictFileInteractability: false, timeouts: {implicit: 0, pageLoad: 300000, script: 30000}, unhandledPromptBehavior: dismiss and notify, webauthn:extension:credBlob: true, webauthn:extension:largeBlob: true, webauthn:extension:minPinLength: true, webauthn:extension:prf: true, webauthn:virtualAuthenticators: true}
Session ID: 1f8e750989d7c4401f085f35bf8c47f6
2026-06-26 06:58:26 [TestNG-test-OrangeHRMTest-4] ERROR BaseClass - This is a error message
2026-06-26 06:58:26 [TestNG-test-OrangeHRMTest-4] FATAL BaseClass - This is a fatal message
2026-06-26 06:58:28 [TestNG-test-OrangeHRMTest-3] ERROR ActionDriver - Element is not visible:Expected condition failed: waiting for visibility of element found by By.xpath: //span[text()='Admin']
(tried for 30 seconds with 500 milliseconds interval)
Build info: version: '4.44.0', revision: 'da2039b'
System info: os.name: 'Windows 11', os.arch: 'amd64', os.version: '10.0', java.version: '17.0.10'
Driver info: org.openqa.selenium.chrome.ChromeDriver
Capabilities {acceptInsecureCerts: false, browserName: chrome, browserVersion: 149.0.7827.114, chrome: {chromedriverVersion: 149.0.7827.155 (07b52360cc1..., userDataDir: C:\Users\satya\AppData\Loca...}, fedcm:accounts: true, goog:chromeOptions: {debuggerAddress: localhost:52280}, goog:processID: 8048, networkConnectionEnabled: false, pageLoadStrategy: normal, platformName: windows, proxy: Proxy(), se:cdp: ws://localhost:52280/devtoo..., se:cdpVersion: 149.0.7827.114, setWindowRect: true, strictFileInteractability: false, timeouts: {implicit: 0, pageLoad: 300000, script: 30000}, unhandledPromptBehavior: dismiss and notify, webauthn:extension:credBlob: true, webauthn:extension:largeBlob: true, webauthn:extension:minPinLength: true, webauthn:extension:prf: true, webauthn:virtualAuthenticators: true}
Session ID: 75064c7faa00f7cbf418e5197ddcfd79
2026-06-26 06:58:32 [TestNG-test-OrangeHRMTest-3] ERROR BaseClass - This is a error message
2026-06-26 06:58:32 [TestNG-test-OrangeHRMTest-3] FATAL BaseClass - This is a fatal message
2026-06-26 06:58:56 [TestNG-test-OrangeHRMTest-4] ERROR ActionDriver - Element is not visible:Expected condition failed: waiting for visibility of element found by By.xpath: //div[@class='oxd-brand-banner']//img
(tried for 30 seconds with 500 milliseconds interval)
Build info: version: '4.44.0', revision: 'da2039b'
System info: os.name: 'Windows 11', os.arch: 'amd64', os.version: '10.0', java.version: '17.0.10'
Driver info: org.openqa.selenium.chrome.ChromeDriver
Capabilities {acceptInsecureCerts: false, browserName: chrome, browserVersion: 149.0.7827.114, chrome: {chromedriverVersion: 149.0.7827.155 (07b52360cc1..., userDataDir: C:\Users\satya\AppData\Loca...}, fedcm:accounts: true, goog:chromeOptions: {debuggerAddress: localhost:55391}, goog:processID: 35824, networkConnectionEnabled: false, pageLoadStrategy: normal, platformName: windows, proxy: Proxy(), se:cdp: ws://localhost:55391/devtoo..., se:cdpVersion: 149.0.7827.114, setWindowRect: true, strictFileInteractability: false, timeouts: {implicit: 0, pageLoad: 300000, script: 30000}, unhandledPromptBehavior: dismiss and notify, webauthn:extension:credBlob: true, webauthn:extension:largeBlob: true, webauthn:extension:minPinLength: true, webauthn:extension:prf: true, webauthn:virtualAuthenticators: true}
Session ID: f75d19ade8d4a192382b1cafbf3bdd9f
2026-06-26 06:59:00 [TestNG-test-OrangeHRMTest-4] ERROR BaseClass - This is a error message
2026-06-26 06:59:00 [TestNG-test-OrangeHRMTest-4] FATAL BaseClass - This is a fatal message
2026-06-26 06:59:02 [TestNG-test-OrangeHRMTest-3] ERROR ActionDriver - Element is not visible:Expected condition failed: waiting for visibility of element found by By.xpath: //span[text()='Admin']
(tried for 30 seconds with 500 milliseconds interval)
Build info: version: '4.44.0', revision: 'da2039b'
System info: os.name: 'Windows 11', os.arch: 'amd64', os.version: '10.0', java.version: '17.0.10'
Driver info: org.openqa.selenium.chrome.ChromeDriver
Capabilities {acceptInsecureCerts: false, browserName: chrome, browserVersion: 149.0.7827.114, chrome: {chromedriverVersion: 149.0.7827.155 (07b52360cc1..., userDataDir: C:\Users\satya\AppData\Loca...}, fedcm:accounts: true, goog:chromeOptions: {debuggerAddress: localhost:64236}, goog:processID: 23156, networkConnectionEnabled: false, pageLoadStrategy: normal, platformName: windows, proxy: Proxy(), se:cdp: ws://localhost:64236/devtoo..., se:cdpVersion: 149.0.7827.114, setWindowRect: true, strictFileInteractability: false, timeouts: {implicit: 0, pageLoad: 300000, script: 30000}, unhandledPromptBehavior: dismiss and notify, webauthn:extension:credBlob: true, webauthn:extension:largeBlob: true, webauthn:extension:minPinLength: true, webauthn:extension:prf: true, webauthn:virtualAuthenticators: true}
Session ID: cbf2a03216be306cf4d4418914fe6b7f
2026-06-26 06:59:06 [TestNG-test-OrangeHRMTest-3] ERROR BaseClass - This is a error message
2026-06-26 06:59:06 [TestNG-test-OrangeHRMTest-3] FATAL BaseClass - This is a fatal message
2026-06-26 06:59:30 [TestNG-test-OrangeHRMTest-4] ERROR ActionDriver - Element is not visible:Expected condition failed: waiting for visibility of element found by By.xpath: //div[@class='oxd-brand-banner']//img
(tried for 30 seconds with 500 milliseconds interval)
Build info: version: '4.44.0', revision: 'da2039b'
System info: os.name: 'Windows 11', os.arch: 'amd64', os.version: '10.0', java.version: '17.0.10'
Driver info: org.openqa.selenium.chrome.ChromeDriver
Capabilities {acceptInsecureCerts: false, browserName: chrome, browserVersion: 149.0.7827.114, chrome: {chromedriverVersion: 149.0.7827.155 (07b52360cc1..., userDataDir: C:\Users\satya\AppData\Loca...}, fedcm:accounts: true, goog:chromeOptions: {debuggerAddress: localhost:56803}, goog:processID: 25352, networkConnectionEnabled: false, pageLoadStrategy: normal, platformName: windows, proxy: Proxy(), se:cdp: ws://localhost:56803/devtoo..., se:cdpVersion: 149.0.7827.114, setWindowRect: true, strictFileInteractability: false, timeouts: {implicit: 0, pageLoad: 300000, script: 30000}, unhandledPromptBehavior: dismiss and notify, webauthn:extension:credBlob: true, webauthn:extension:largeBlob: true, webauthn:extension:minPinLength: true, webauthn:extension:prf: true, webauthn:virtualAuthenticators: true}
Session ID: 2ef9ebd5f40eac3ebfff53a3da161f99
2026-06-26 06:59:37 [TestNG-test-OrangeHRMTest-3] ERROR ActionDriver - Element is not visible:Expected condition failed: waiting for visibility of element found by By.xpath: //span[text()='Admin']
(tried for 30 seconds with 500 milliseconds interval)
Build info: version: '4.44.0', revision: 'da2039b'
System info: os.name: 'Windows 11', os.arch: 'amd64', os.version: '10.0', java.version: '17.0.10'
Driver info: org.openqa.selenium.chrome.ChromeDriver
Capabilities {acceptInsecureCerts: false, browserName: chrome, browserVersion: 149.0.7827.114, chrome: {chromedriverVersion: 149.0.7827.155 (07b52360cc1..., userDataDir: C:\Users\satya\AppData\Loca...}, fedcm:accounts: true, goog:chromeOptions: {debuggerAddress: localhost:53041}, goog:processID: 26916, networkConnectionEnabled: false, pageLoadStrategy: normal, platformName: windows, proxy: Proxy(), se:cdp: ws://localhost:53041/devtoo..., se:cdpVersion: 149.0.7827.114, setWindowRect: true, strictFileInteractability: false, timeouts: {implicit: 0, pageLoad: 300000, script: 30000}, unhandledPromptBehavior: dismiss and notify, webauthn:extension:credBlob: true, webauthn:extension:largeBlob: true, webauthn:extension:minPinLength: true, webauthn:extension:prf: true, webauthn:virtualAuthenticators: true}
Session ID: 29445168e794add01202969068c0cfd8
2026-06-26 07:07:50 [TestNG-test-OrangeHRMTest-2] ERROR BaseClass - This is a error message
2026-06-26 07:07:50 [TestNG-test-OrangeHRMTest-2] FATAL BaseClass - This is a fatal message
2026-06-26 07:07:50 [TestNG-test-OrangeHRMTest-4] ERROR BaseClass - This is a error message
2026-06-26 07:07:50 [TestNG-test-OrangeHRMTest-3] ERROR BaseClass - This is a error message
2026-06-26 07:07:50 [TestNG-test-OrangeHRMTest-4] FATAL BaseClass - This is a fatal message
2026-06-26 07:07:50 [TestNG-test-OrangeHRMTest-3] FATAL BaseClass - This is a fatal message
2026-06-26 07:07:51 [TestNG-test-OrangeHRMTest-1] ERROR BaseClass - This is a error message
2026-06-26 07:07:51 [TestNG-test-OrangeHRMTest-1] FATAL BaseClass - This is a fatal message
2026-06-26 07:07:55 [TestNG-test-OrangeHRMTest-3] ERROR BaseClass - This is a error message
2026-06-26 07:07:55 [TestNG-test-OrangeHRMTest-3] FATAL BaseClass - This is a fatal message
2026-06-26 07:08:21 [TestNG-test-OrangeHRMTest-4] ERROR ActionDriver - Element is not visible:Expected condition failed: waiting for visibility of element found by By.xpath: //div[@class='oxd-brand-banner']//img
(tried for 30 seconds with 500 milliseconds interval)
Build info: version: '4.45.0', revision: 'cd6a3cd cd6a3cdfca6970f62e5bc8344109d0fe0e2af05e'
System info: os.name: 'Windows 11', os.arch: 'amd64', os.version: '10.0', java.version: '17.0.10'
Driver info: org.openqa.selenium.chrome.ChromeDriver
Capabilities {acceptInsecureCerts: false, browserName: chrome, browserVersion: 149.0.7827.114, chrome: {chromedriverVersion: 149.0.7827.155 (07b52360cc1..., userDataDir: C:\Users\satya\AppData\Loca...}, fedcm:accounts: true, goog:chromeOptions: {debuggerAddress: localhost:60985}, goog:processID: 31944, networkConnectionEnabled: false, pageLoadStrategy: normal, platformName: windows, proxy: Proxy(), se:cdp: ws://localhost:60985/devtoo..., se:cdpVersion: 149.0.7827.114, setWindowRect: true, strictFileInteractability: false, timeouts: {implicit: 0, pageLoad: 300000, script: 30000}, unhandledPromptBehavior: dismiss and notify, webauthn:extension:credBlob: true, webauthn:extension:largeBlob: true, webauthn:extension:minPinLength: true, webauthn:extension:prf: true, webauthn:virtualAuthenticators: true}
Session ID: 1fdff2343de4558e5215030ca810d623
2026-06-26 07:08:25 [TestNG-test-OrangeHRMTest-4] ERROR BaseClass - This is a error message
2026-06-26 07:08:25 [TestNG-test-OrangeHRMTest-4] FATAL BaseClass - This is a fatal message
2026-06-26 07:08:26 [TestNG-test-OrangeHRMTest-3] ERROR ActionDriver - Element is not visible:Expected condition failed: waiting for visibility of element found by By.xpath: //span[text()='Admin']
(tried for 30 seconds with 500 milliseconds interval)
Build info: version: '4.45.0', revision: 'cd6a3cd cd6a3cdfca6970f62e5bc8344109d0fe0e2af05e'
System info: os.name: 'Windows 11', os.arch: 'amd64', os.version: '10.0', java.version: '17.0.10'
Driver info: org.openqa.selenium.chrome.ChromeDriver
Capabilities {acceptInsecureCerts: false, browserName: chrome, browserVersion: 149.0.7827.114, chrome: {chromedriverVersion: 149.0.7827.155 (07b52360cc1..., userDataDir: C:\Users\satya\AppData\Loca...}, fedcm:accounts: true, goog:chromeOptions: {debuggerAddress: localhost:64573}, goog:processID: 3228, networkConnectionEnabled: false, pageLoadStrategy: normal, platformName: windows, proxy: Proxy(), se:cdp: ws://localhost:64573/devtoo..., se:cdpVersion: 149.0.7827.114, setWindowRect: true, strictFileInteractability: false, timeouts: {implicit: 0, pageLoad: 300000, script: 30000}, unhandledPromptBehavior: dismiss and notify, webauthn:extension:credBlob: true, webauthn:extension:largeBlob: true, webauthn:extension:minPinLength: true, webauthn:extension:prf: true, webauthn:virtualAuthenticators: true}
Session ID: fd32cb5a9f2243790161b937d38766cc
2026-06-26 07:08:30 [TestNG-test-OrangeHRMTest-3] ERROR BaseClass - This is a error message
2026-06-26 07:08:30 [TestNG-test-OrangeHRMTest-3] FATAL BaseClass - This is a fatal message
2026-06-26 07:08:55 [TestNG-test-OrangeHRMTest-4] ERROR ActionDriver - Element is not visible:Expected condition failed: waiting for visibility of element found by By.xpath: //div[@class='oxd-brand-banner']//img
(tried for 30 seconds with 500 milliseconds interval)
Build info: version: '4.45.0', revision: 'cd6a3cd cd6a3cdfca6970f62e5bc8344109d0fe0e2af05e'
System info: os.name: 'Windows 11', os.arch: 'amd64', os.version: '10.0', java.version: '17.0.10'
Driver info: org.openqa.selenium.chrome.ChromeDriver
Capabilities {acceptInsecureCerts: false, browserName: chrome, browserVersion: 149.0.7827.114, chrome: {chromedriverVersion: 149.0.7827.155 (07b52360cc1..., userDataDir: C:\Users\satya\AppData\Loca...}, fedcm:accounts: true, goog:chromeOptions: {debuggerAddress: localhost:65086}, goog:processID: 13780, networkConnectionEnabled: false, pageLoadStrategy: normal, platformName: windows, proxy: Proxy(), se:cdp: ws://localhost:65086/devtoo..., se:cdpVersion: 149.0.7827.114, setWindowRect: true, strictFileInteractability: false, timeouts: {implicit: 0, pageLoad: 300000, script: 30000}, unhandledPromptBehavior: dismiss and notify, webauthn:extension:credBlob: true, webauthn:extension:largeBlob: true, webauthn:extension:minPinLength: true, webauthn:extension:prf: true, webauthn:virtualAuthenticators: true}
Session ID: 9f4187aa7ac0d5b1b3adec62ac3501e4
2026-06-26 07:08:59 [TestNG-test-OrangeHRMTest-4] ERROR BaseClass - This is a error message
2026-06-26 07:08:59 [TestNG-test-OrangeHRMTest-4] FATAL BaseClass - This is a fatal message
2026-06-26 07:09:00 [TestNG-test-OrangeHRMTest-3] ERROR ActionDriver - Element is not visible:Expected condition failed: waiting for visibility of element found by By.xpath: //span[text()='Admin']
(tried for 30 seconds with 500 milliseconds interval)
Build info: version: '4.45.0', revision: 'cd6a3cd cd6a3cdfca6970f62e5bc8344109d0fe0e2af05e'
System info: os.name: 'Windows 11', os.arch: 'amd64', os.version: '10.0', java.version: '17.0.10'
Driver info: org.openqa.selenium.chrome.ChromeDriver
Capabilities {acceptInsecureCerts: false, browserName: chrome, browserVersion: 149.0.7827.114, chrome: {chromedriverVersion: 149.0.7827.155 (07b52360cc1..., userDataDir: C:\Users\satya\AppData\Loca...}, fedcm:accounts: true, goog:chromeOptions: {debuggerAddress: localhost:53551}, goog:processID: 8004, networkConnectionEnabled: false, pageLoadStrategy: normal, platformName: windows, proxy: Proxy(), se:cdp: ws://localhost:53551/devtoo..., se:cdpVersion: 149.0.7827.114, setWindowRect: true, strictFileInteractability: false, timeouts: {implicit: 0, pageLoad: 300000, script: 30000}, unhandledPromptBehavior: dismiss and notify, webauthn:extension:credBlob: true, webauthn:extension:largeBlob: true, webauthn:extension:minPinLength: true, webauthn:extension:prf: true, webauthn:virtualAuthenticators: true}
Session ID: 8ad1ffb2b4a8eb6b94d2acb5b949e34f
2026-06-26 07:09:04 [TestNG-test-OrangeHRMTest-3] ERROR BaseClass - This is a error message
2026-06-26 07:09:04 [TestNG-test-OrangeHRMTest-3] FATAL BaseClass - This is a fatal message
2026-06-26 07:09:30 [TestNG-test-OrangeHRMTest-4] ERROR ActionDriver - Element is not visible:Expected condition failed: waiting for visibility of element found by By.xpath: //div[@class='oxd-brand-banner']//img
(tried for 30 seconds with 500 milliseconds interval)
Build info: version: '4.45.0', revision: 'cd6a3cd cd6a3cdfca6970f62e5bc8344109d0fe0e2af05e'
System info: os.name: 'Windows 11', os.arch: 'amd64', os.version: '10.0', java.version: '17.0.10'
Driver info: org.openqa.selenium.chrome.ChromeDriver
Capabilities {acceptInsecureCerts: false, browserName: chrome, browserVersion: 149.0.7827.114, chrome: {chromedriverVersion: 149.0.7827.155 (07b52360cc1..., userDataDir: C:\Users\satya\AppData\Loca...}, fedcm:accounts: true, goog:chromeOptions: {debuggerAddress: localhost:54040}, goog:processID: 27788, networkConnectionEnabled: false, pageLoadStrategy: normal, platformName: windows, proxy: Proxy(), se:cdp: ws://localhost:54040/devtoo..., se:cdpVersion: 149.0.7827.114, setWindowRect: true, strictFileInteractability: false, timeouts: {implicit: 0, pageLoad: 300000, script: 30000}, unhandledPromptBehavior: dismiss and notify, webauthn:extension:credBlob: true, webauthn:extension:largeBlob: true, webauthn:extension:minPinLength: true, webauthn:extension:prf: true, webauthn:virtualAuthenticators: true}
Session ID: a90d34a98a6c99a45bacd2fda9c694ff
2026-06-26 07:09:35 [TestNG-test-OrangeHRMTest-3] ERROR ActionDriver - Element is not visible:Expected condition failed: waiting for visibility of element found by By.xpath: //span[text()='Admin']
(tried for 30 seconds with 500 milliseconds interval)
Build info: version: '4.45.0', revision: 'cd6a3cd cd6a3cdfca6970f62e5bc8344109d0fe0e2af05e'
System info: os.name: 'Windows 11', os.arch: 'amd64', os.version: '10.0', java.version: '17.0.10'
Driver info: org.openqa.selenium.chrome.ChromeDriver
Capabilities {acceptInsecureCerts: false, browserName: chrome, browserVersion: 149.0.7827.114, chrome: {chromedriverVersion: 149.0.7827.155 (07b52360cc1..., userDataDir: C:\Users\satya\AppData\Loca...}, fedcm:accounts: true, goog:chromeOptions: {debuggerAddress: localhost:50015}, goog:processID: 28016, networkConnectionEnabled: false, pageLoadStrategy: normal, platformName: windows, proxy: Proxy(), se:cdp: ws://localhost:50015/devtoo..., se:cdpVersion: 149.0.7827.114, setWindowRect: true, strictFileInteractability: false, timeouts: {implicit: 0, pageLoad: 300000, script: 30000}, unhandledPromptBehavior: dismiss and notify, webauthn:extension:credBlob: true, webauthn:extension:largeBlob: true, webauthn:extension:minPinLength: true, webauthn:extension:prf: true, webauthn:virtualAuthenticators: true}
Session ID: 55d98160e0fe0747cccd59749015891a
2026-06-26 07:34:26 [TestNG-test-OrangeHRMTest-2] ERROR BaseClass - This is a error message
2026-06-26 07:34:26 [TestNG-test-OrangeHRMTest-1] ERROR BaseClass - This is a error message
2026-06-26 07:34:26 [TestNG-test-OrangeHRMTest-2] FATAL BaseClass - This is a fatal message
2026-06-26 07:34:26 [TestNG-test-OrangeHRMTest-1] FATAL BaseClass - This is a fatal message
2026-06-26 07:34:26 [TestNG-test-OrangeHRMTest-4] ERROR BaseClass - This is a error message
2026-06-26 07:34:26 [TestNG-test-OrangeHRMTest-4] FATAL BaseClass - This is a fatal message
2026-06-26 07:34:26 [TestNG-test-OrangeHRMTest-3] ERROR BaseClass - This is a error message
2026-06-26 07:34:26 [TestNG-test-OrangeHRMTest-3] FATAL BaseClass - This is a fatal message
2026-06-26 07:34:32 [TestNG-test-OrangeHRMTest-3] ERROR BaseClass - This is a error message
2026-06-26 07:34:32 [TestNG-test-OrangeHRMTest-3] FATAL BaseClass - This is a fatal message
2026-06-26 07:34:48 [TestNG-test-OrangeHRMTest-4] ERROR ActionDriver - Element is not displayed
org.openqa.selenium.TimeoutException: Expected condition failed: waiting for visibility of element found by By.xpath: //div[@class='oxd-brand-banner']//img
(tried for 20 seconds with 500 milliseconds interval)
Build info: version: '4.45.0', revision: 'cd6a3cd cd6a3cdfca6970f62e5bc8344109d0fe0e2af05e'
System info: os.name: 'Windows 11', os.arch: 'amd64', os.version: '10.0', java.version: '17.0.10'
Driver info: org.openqa.selenium.chrome.ChromeDriver
Capabilities {acceptInsecureCerts: false, browserName: chrome, browserVersion: 149.0.7827.114, chrome: {chromedriverVersion: 149.0.7827.155 (07b52360cc1..., userDataDir: C:\Users\satya\AppData\Loca...}, fedcm:accounts: true, goog:chromeOptions: {debuggerAddress: localhost:63422}, goog:processID: 33120, networkConnectionEnabled: false, pageLoadStrategy: normal, platformName: windows, proxy: Proxy(), se:cdp: ws://localhost:63422/devtoo..., se:cdpVersion: 149.0.7827.114, setWindowRect: true, strictFileInteractability: false, timeouts: {implicit: 0, pageLoad: 300000, script: 30000}, unhandledPromptBehavior: dismiss and notify, webauthn:extension:credBlob: true, webauthn:extension:largeBlob: true, webauthn:extension:minPinLength: true, webauthn:extension:prf: true, webauthn:virtualAuthenticators: true}
Session ID: 5822bcb205fd580641125afaf8dd74a3
	at org.openqa.selenium.support.ui.WebDriverWait.timeoutException(WebDriverWait.java:85)
	at org.openqa.selenium.support.ui.FluentWait.until(FluentWait.java:234)
	at com.orangehrm.actiondriver.ActionDriver.waitForElementToBeVisible(ActionDriver.java:220)
	at com.orangehrm.actiondriver.ActionDriver.isDisplayed(ActionDriver.java:167)
	at com.orangehrm.pages.HomePage.verifyOrangeHRMlogo(HomePage.java:41)
	at com.orangehrm.test.HomePageTest.verifyOrangeHRMLogo(HomePageTest.java:36)
	at java.base/jdk.internal.reflect.NativeMethodAccessorImpl.invoke0(Native Method)
	at java.base/jdk.internal.reflect.NativeMethodAccessorImpl.invoke(NativeMethodAccessorImpl.java:77)
	at java.base/jdk.internal.reflect.DelegatingMethodAccessorImpl.invoke(DelegatingMethodAccessorImpl.java:43)
	at java.base/java.lang.reflect.Method.invoke(Method.java:568)
	at org.testng.internal.invokers.MethodInvocationHelper.invokeMethod(MethodInvocationHelper.java:141)
	at org.testng.internal.invokers.TestInvoker.invokeMethod(TestInvoker.java:687)
	at org.testng.internal.invokers.TestInvoker.invokeTestMethod(TestInvoker.java:230)
	at org.testng.internal.invokers.MethodRunner.runInSequence(MethodRunner.java:63)
	at org.testng.internal.invokers.TestInvoker$MethodInvocationAgent.invoke(TestInvoker.java:995)
	at org.testng.internal.invokers.TestInvoker.invokeTestMethods(TestInvoker.java:203)
	at org.testng.internal.invokers.TestMethodWorker.invokeTestMethods(TestMethodWorker.java:154)
	at org.testng.internal.invokers.TestMethodWorker.run(TestMethodWorker.java:134)
	at java.base/java.util.concurrent.Executors$RunnableAdapter.call(Executors.java:539)
	at java.base/java.util.concurrent.FutureTask.run(FutureTask.java:264)
	at org.testng.internal.thread.graph.TestNGFutureTask.run(TestNGFutureTask.java:22)
	at java.base/java.util.concurrent.ThreadPoolExecutor.runWorker(ThreadPoolExecutor.java:1136)
	at java.base/java.util.concurrent.ThreadPoolExecutor$Worker.run(ThreadPoolExecutor.java:635)
	at java.base/java.lang.Thread.run(Thread.java:840)
2026-06-26 07:34:52 [TestNG-test-OrangeHRMTest-4] ERROR BaseClass - This is a error message
2026-06-26 07:34:52 [TestNG-test-OrangeHRMTest-4] FATAL BaseClass - This is a fatal message
2026-06-26 07:34:53 [TestNG-test-OrangeHRMTest-3] ERROR ActionDriver - Element is not displayed
org.openqa.selenium.TimeoutException: Expected condition failed: waiting for visibility of element found by By.xpath: //span[text()='Admin']
(tried for 20 seconds with 500 milliseconds interval)
Build info: version: '4.45.0', revision: 'cd6a3cd cd6a3cdfca6970f62e5bc8344109d0fe0e2af05e'
System info: os.name: 'Windows 11', os.arch: 'amd64', os.version: '10.0', java.version: '17.0.10'
Driver info: org.openqa.selenium.chrome.ChromeDriver
Capabilities {acceptInsecureCerts: false, browserName: chrome, browserVersion: 149.0.7827.114, chrome: {chromedriverVersion: 149.0.7827.155 (07b52360cc1..., userDataDir: C:\Users\satya\AppData\Loca...}, fedcm:accounts: true, goog:chromeOptions: {debuggerAddress: localhost:63916}, goog:processID: 20128, networkConnectionEnabled: false, pageLoadStrategy: normal, platformName: windows, proxy: Proxy(), se:cdp: ws://localhost:63916/devtoo..., se:cdpVersion: 149.0.7827.114, setWindowRect: true, strictFileInteractability: false, timeouts: {implicit: 0, pageLoad: 300000, script: 30000}, unhandledPromptBehavior: dismiss and notify, webauthn:extension:credBlob: true, webauthn:extension:largeBlob: true, webauthn:extension:minPinLength: true, webauthn:extension:prf: true, webauthn:virtualAuthenticators: true}
Session ID: 426cef200876eeebc9fccdc7ab4f1944
	at org.openqa.selenium.support.ui.WebDriverWait.timeoutException(WebDriverWait.java:85)
	at org.openqa.selenium.support.ui.FluentWait.until(FluentWait.java:234)
	at com.orangehrm.actiondriver.ActionDriver.waitForElementToBeVisible(ActionDriver.java:220)
	at com.orangehrm.actiondriver.ActionDriver.isDisplayed(ActionDriver.java:167)
	at com.orangehrm.pages.HomePage.isAdminTabVisible(HomePage.java:37)
	at com.orangehrm.test.LoginPageTest.verifyValidLoginTest(LoginPageTest.java:36)
	at java.base/jdk.internal.reflect.NativeMethodAccessorImpl.invoke0(Native Method)
	at java.base/jdk.internal.reflect.NativeMethodAccessorImpl.invoke(NativeMethodAccessorImpl.java:77)
	at java.base/jdk.internal.reflect.DelegatingMethodAccessorImpl.invoke(DelegatingMethodAccessorImpl.java:43)
	at java.base/java.lang.reflect.Method.invoke(Method.java:568)
	at org.testng.internal.invokers.MethodInvocationHelper.invokeMethod(MethodInvocationHelper.java:141)
	at org.testng.internal.invokers.TestInvoker.invokeMethod(TestInvoker.java:687)
	at org.testng.internal.invokers.TestInvoker.invokeTestMethod(TestInvoker.java:230)
	at org.testng.internal.invokers.MethodRunner.runInSequence(MethodRunner.java:63)
	at org.testng.internal.invokers.TestInvoker$MethodInvocationAgent.invoke(TestInvoker.java:995)
	at org.testng.internal.invokers.TestInvoker.invokeTestMethods(TestInvoker.java:203)
	at org.testng.internal.invokers.TestMethodWorker.invokeTestMethods(TestMethodWorker.java:154)
	at org.testng.internal.invokers.TestMethodWorker.run(TestMethodWorker.java:134)
	at java.base/java.util.concurrent.Executors$RunnableAdapter.call(Executors.java:539)
	at java.base/java.util.concurrent.FutureTask.run(FutureTask.java:264)
	at org.testng.internal.thread.graph.TestNGFutureTask.run(TestNGFutureTask.java:22)
	at java.base/java.util.concurrent.ThreadPoolExecutor.runWorker(ThreadPoolExecutor.java:1136)
	at java.base/java.util.concurrent.ThreadPoolExecutor$Worker.run(ThreadPoolExecutor.java:635)
	at java.base/java.lang.Thread.run(Thread.java:840)
2026-06-26 07:34:56 [TestNG-test-OrangeHRMTest-3] ERROR BaseClass - This is a error message
2026-06-26 07:34:56 [TestNG-test-OrangeHRMTest-3] FATAL BaseClass - This is a fatal message
2026-06-26 07:35:12 [TestNG-test-OrangeHRMTest-4] ERROR ActionDriver - Element is not displayed
org.openqa.selenium.TimeoutException: Expected condition failed: waiting for visibility of element found by By.xpath: //div[@class='oxd-brand-banner']//img
(tried for 20 seconds with 500 milliseconds interval)
Build info: version: '4.45.0', revision: 'cd6a3cd cd6a3cdfca6970f62e5bc8344109d0fe0e2af05e'
System info: os.name: 'Windows 11', os.arch: 'amd64', os.version: '10.0', java.version: '17.0.10'
Driver info: org.openqa.selenium.chrome.ChromeDriver
Capabilities {acceptInsecureCerts: false, browserName: chrome, browserVersion: 149.0.7827.114, chrome: {chromedriverVersion: 149.0.7827.155 (07b52360cc1..., userDataDir: C:\Users\satya\AppData\Loca...}, fedcm:accounts: true, goog:chromeOptions: {debuggerAddress: localhost:64093}, goog:processID: 11188, networkConnectionEnabled: false, pageLoadStrategy: normal, platformName: windows, proxy: Proxy(), se:cdp: ws://localhost:64093/devtoo..., se:cdpVersion: 149.0.7827.114, setWindowRect: true, strictFileInteractability: false, timeouts: {implicit: 0, pageLoad: 300000, script: 30000}, unhandledPromptBehavior: dismiss and notify, webauthn:extension:credBlob: true, webauthn:extension:largeBlob: true, webauthn:extension:minPinLength: true, webauthn:extension:prf: true, webauthn:virtualAuthenticators: true}
Session ID: dd18b9ccd1568a7f0d9992bbcebc920b
	at org.openqa.selenium.support.ui.WebDriverWait.timeoutException(WebDriverWait.java:85)
	at org.openqa.selenium.support.ui.FluentWait.until(FluentWait.java:234)
	at com.orangehrm.actiondriver.ActionDriver.waitForElementToBeVisible(ActionDriver.java:220)
	at com.orangehrm.actiondriver.ActionDriver.isDisplayed(ActionDriver.java:167)
	at com.orangehrm.pages.HomePage.verifyOrangeHRMlogo(HomePage.java:41)
	at com.orangehrm.test.HomePageTest.verifyOrangeHRMLogo(HomePageTest.java:36)
	at java.base/jdk.internal.reflect.NativeMethodAccessorImpl.invoke0(Native Method)
	at java.base/jdk.internal.reflect.NativeMethodAccessorImpl.invoke(NativeMethodAccessorImpl.java:77)
	at java.base/jdk.internal.reflect.DelegatingMethodAccessorImpl.invoke(DelegatingMethodAccessorImpl.java:43)
	at java.base/java.lang.reflect.Method.invoke(Method.java:568)
	at org.testng.internal.invokers.MethodInvocationHelper.invokeMethod(MethodInvocationHelper.java:141)
	at org.testng.internal.invokers.TestInvoker.invokeMethod(TestInvoker.java:687)
	at org.testng.internal.invokers.TestInvoker.retryFailed(TestInvoker.java:269)
	at org.testng.internal.invokers.MethodRunner.runInSequence(MethodRunner.java:76)
	at org.testng.internal.invokers.TestInvoker$MethodInvocationAgent.invoke(TestInvoker.java:995)
	at org.testng.internal.invokers.TestInvoker.invokeTestMethods(TestInvoker.java:203)
	at org.testng.internal.invokers.TestMethodWorker.invokeTestMethods(TestMethodWorker.java:154)
	at org.testng.internal.invokers.TestMethodWorker.run(TestMethodWorker.java:134)
	at java.base/java.util.concurrent.Executors$RunnableAdapter.call(Executors.java:539)
	at java.base/java.util.concurrent.FutureTask.run(FutureTask.java:264)
	at org.testng.internal.thread.graph.TestNGFutureTask.run(TestNGFutureTask.java:22)
	at java.base/java.util.concurrent.ThreadPoolExecutor.runWorker(ThreadPoolExecutor.java:1136)
	at java.base/java.util.concurrent.ThreadPoolExecutor$Worker.run(ThreadPoolExecutor.java:635)
	at java.base/java.lang.Thread.run(Thread.java:840)
2026-06-26 07:35:16 [TestNG-test-OrangeHRMTest-4] ERROR BaseClass - This is a error message
2026-06-26 07:35:16 [TestNG-test-OrangeHRMTest-4] FATAL BaseClass - This is a fatal message
2026-06-26 07:35:17 [TestNG-test-OrangeHRMTest-3] ERROR ActionDriver - Element is not displayed
org.openqa.selenium.TimeoutException: Expected condition failed: waiting for visibility of element found by By.xpath: //span[text()='Admin']
(tried for 20 seconds with 500 milliseconds interval)
Build info: version: '4.45.0', revision: 'cd6a3cd cd6a3cdfca6970f62e5bc8344109d0fe0e2af05e'
System info: os.name: 'Windows 11', os.arch: 'amd64', os.version: '10.0', java.version: '17.0.10'
Driver info: org.openqa.selenium.chrome.ChromeDriver
Capabilities {acceptInsecureCerts: false, browserName: chrome, browserVersion: 149.0.7827.114, chrome: {chromedriverVersion: 149.0.7827.155 (07b52360cc1..., userDataDir: C:\Users\satya\AppData\Loca...}, fedcm:accounts: true, goog:chromeOptions: {debuggerAddress: localhost:54331}, goog:processID: 39064, networkConnectionEnabled: false, pageLoadStrategy: normal, platformName: windows, proxy: Proxy(), se:cdp: ws://localhost:54331/devtoo..., se:cdpVersion: 149.0.7827.114, setWindowRect: true, strictFileInteractability: false, timeouts: {implicit: 0, pageLoad: 300000, script: 30000}, unhandledPromptBehavior: dismiss and notify, webauthn:extension:credBlob: true, webauthn:extension:largeBlob: true, webauthn:extension:minPinLength: true, webauthn:extension:prf: true, webauthn:virtualAuthenticators: true}
Session ID: 9e1ae963dafb4166430ec926731be2a7
	at org.openqa.selenium.support.ui.WebDriverWait.timeoutException(WebDriverWait.java:85)
	at org.openqa.selenium.support.ui.FluentWait.until(FluentWait.java:234)
	at com.orangehrm.actiondriver.ActionDriver.waitForElementToBeVisible(ActionDriver.java:220)
	at com.orangehrm.actiondriver.ActionDriver.isDisplayed(ActionDriver.java:167)
	at com.orangehrm.pages.HomePage.isAdminTabVisible(HomePage.java:37)
	at com.orangehrm.test.LoginPageTest.verifyValidLoginTest(LoginPageTest.java:36)
	at java.base/jdk.internal.reflect.NativeMethodAccessorImpl.invoke0(Native Method)
	at java.base/jdk.internal.reflect.NativeMethodAccessorImpl.invoke(NativeMethodAccessorImpl.java:77)
	at java.base/jdk.internal.reflect.DelegatingMethodAccessorImpl.invoke(DelegatingMethodAccessorImpl.java:43)
	at java.base/java.lang.reflect.Method.invoke(Method.java:568)
	at org.testng.internal.invokers.MethodInvocationHelper.invokeMethod(MethodInvocationHelper.java:141)
	at org.testng.internal.invokers.TestInvoker.invokeMethod(TestInvoker.java:687)
	at org.testng.internal.invokers.TestInvoker.retryFailed(TestInvoker.java:269)
	at org.testng.internal.invokers.MethodRunner.runInSequence(MethodRunner.java:76)
	at org.testng.internal.invokers.TestInvoker$MethodInvocationAgent.invoke(TestInvoker.java:995)
	at org.testng.internal.invokers.TestInvoker.invokeTestMethods(TestInvoker.java:203)
	at org.testng.internal.invokers.TestMethodWorker.invokeTestMethods(TestMethodWorker.java:154)
	at org.testng.internal.invokers.TestMethodWorker.run(TestMethodWorker.java:134)
	at java.base/java.util.concurrent.Executors$RunnableAdapter.call(Executors.java:539)
	at java.base/java.util.concurrent.FutureTask.run(FutureTask.java:264)
	at org.testng.internal.thread.graph.TestNGFutureTask.run(TestNGFutureTask.java:22)
	at java.base/java.util.concurrent.ThreadPoolExecutor.runWorker(ThreadPoolExecutor.java:1136)
	at java.base/java.util.concurrent.ThreadPoolExecutor$Worker.run(ThreadPoolExecutor.java:635)
	at java.base/java.lang.Thread.run(Thread.java:840)
2026-06-26 07:35:20 [TestNG-test-OrangeHRMTest-3] ERROR BaseClass - This is a error message
2026-06-26 07:35:20 [TestNG-test-OrangeHRMTest-3] FATAL BaseClass - This is a fatal message
2026-06-26 07:35:37 [TestNG-test-OrangeHRMTest-4] ERROR ActionDriver - Element is not displayed
org.openqa.selenium.TimeoutException: Expected condition failed: waiting for visibility of element found by By.xpath: //div[@class='oxd-brand-banner']//img
(tried for 20 seconds with 500 milliseconds interval)
Build info: version: '4.45.0', revision: 'cd6a3cd cd6a3cdfca6970f62e5bc8344109d0fe0e2af05e'
System info: os.name: 'Windows 11', os.arch: 'amd64', os.version: '10.0', java.version: '17.0.10'
Driver info: org.openqa.selenium.chrome.ChromeDriver
Capabilities {acceptInsecureCerts: false, browserName: chrome, browserVersion: 149.0.7827.114, chrome: {chromedriverVersion: 149.0.7827.155 (07b52360cc1..., userDataDir: C:\Users\satya\AppData\Loca...}, fedcm:accounts: true, goog:chromeOptions: {debuggerAddress: localhost:49921}, goog:processID: 8552, networkConnectionEnabled: false, pageLoadStrategy: normal, platformName: windows, proxy: Proxy(), se:cdp: ws://localhost:49921/devtoo..., se:cdpVersion: 149.0.7827.114, setWindowRect: true, strictFileInteractability: false, timeouts: {implicit: 0, pageLoad: 300000, script: 30000}, unhandledPromptBehavior: dismiss and notify, webauthn:extension:credBlob: true, webauthn:extension:largeBlob: true, webauthn:extension:minPinLength: true, webauthn:extension:prf: true, webauthn:virtualAuthenticators: true}
Session ID: f3aabda396df944fbbfb7e9a7a045359
	at org.openqa.selenium.support.ui.WebDriverWait.timeoutException(WebDriverWait.java:85)
	at org.openqa.selenium.support.ui.FluentWait.until(FluentWait.java:234)
	at com.orangehrm.actiondriver.ActionDriver.waitForElementToBeVisible(ActionDriver.java:220)
	at com.orangehrm.actiondriver.ActionDriver.isDisplayed(ActionDriver.java:167)
	at com.orangehrm.pages.HomePage.verifyOrangeHRMlogo(HomePage.java:41)
	at com.orangehrm.test.HomePageTest.verifyOrangeHRMLogo(HomePageTest.java:36)
	at java.base/jdk.internal.reflect.NativeMethodAccessorImpl.invoke0(Native Method)
	at java.base/jdk.internal.reflect.NativeMethodAccessorImpl.invoke(NativeMethodAccessorImpl.java:77)
	at java.base/jdk.internal.reflect.DelegatingMethodAccessorImpl.invoke(DelegatingMethodAccessorImpl.java:43)
	at java.base/java.lang.reflect.Method.invoke(Method.java:568)
	at org.testng.internal.invokers.MethodInvocationHelper.invokeMethod(MethodInvocationHelper.java:141)
	at org.testng.internal.invokers.TestInvoker.invokeMethod(TestInvoker.java:687)
	at org.testng.internal.invokers.TestInvoker.retryFailed(TestInvoker.java:269)
	at org.testng.internal.invokers.MethodRunner.runInSequence(MethodRunner.java:76)
	at org.testng.internal.invokers.TestInvoker$MethodInvocationAgent.invoke(TestInvoker.java:995)
	at org.testng.internal.invokers.TestInvoker.invokeTestMethods(TestInvoker.java:203)
	at org.testng.internal.invokers.TestMethodWorker.invokeTestMethods(TestMethodWorker.java:154)
	at org.testng.internal.invokers.TestMethodWorker.run(TestMethodWorker.java:134)
	at java.base/java.util.concurrent.Executors$RunnableAdapter.call(Executors.java:539)
	at java.base/java.util.concurrent.FutureTask.run(FutureTask.java:264)
	at org.testng.internal.thread.graph.TestNGFutureTask.run(TestNGFutureTask.java:22)
	at java.base/java.util.concurrent.ThreadPoolExecutor.runWorker(ThreadPoolExecutor.java:1136)
	at java.base/java.util.concurrent.ThreadPoolExecutor$Worker.run(ThreadPoolExecutor.java:635)
	at java.base/java.lang.Thread.run(Thread.java:840)
2026-06-26 07:35:41 [TestNG-test-OrangeHRMTest-3] ERROR ActionDriver - Element is not displayed
org.openqa.selenium.TimeoutException: Expected condition failed: waiting for visibility of element found by By.xpath: //span[text()='Admin']
(tried for 20 seconds with 500 milliseconds interval)
Build info: version: '4.45.0', revision: 'cd6a3cd cd6a3cdfca6970f62e5bc8344109d0fe0e2af05e'
System info: os.name: 'Windows 11', os.arch: 'amd64', os.version: '10.0', java.version: '17.0.10'
Driver info: org.openqa.selenium.chrome.ChromeDriver
Capabilities {acceptInsecureCerts: false, browserName: chrome, browserVersion: 149.0.7827.114, chrome: {chromedriverVersion: 149.0.7827.155 (07b52360cc1..., userDataDir: C:\Users\satya\AppData\Loca...}, fedcm:accounts: true, goog:chromeOptions: {debuggerAddress: localhost:53860}, goog:processID: 28580, networkConnectionEnabled: false, pageLoadStrategy: normal, platformName: windows, proxy: Proxy(), se:cdp: ws://localhost:53860/devtoo..., se:cdpVersion: 149.0.7827.114, setWindowRect: true, strictFileInteractability: false, timeouts: {implicit: 0, pageLoad: 300000, script: 30000}, unhandledPromptBehavior: dismiss and notify, webauthn:extension:credBlob: true, webauthn:extension:largeBlob: true, webauthn:extension:minPinLength: true, webauthn:extension:prf: true, webauthn:virtualAuthenticators: true}
Session ID: ddf7332d409b73c4c034f323b00fa79f
	at org.openqa.selenium.support.ui.WebDriverWait.timeoutException(WebDriverWait.java:85)
	at org.openqa.selenium.support.ui.FluentWait.until(FluentWait.java:234)
	at com.orangehrm.actiondriver.ActionDriver.waitForElementToBeVisible(ActionDriver.java:220)
	at com.orangehrm.actiondriver.ActionDriver.isDisplayed(ActionDriver.java:167)
	at com.orangehrm.pages.HomePage.isAdminTabVisible(HomePage.java:37)
	at com.orangehrm.test.LoginPageTest.verifyValidLoginTest(LoginPageTest.java:36)
	at java.base/jdk.internal.reflect.NativeMethodAccessorImpl.invoke0(Native Method)
	at java.base/jdk.internal.reflect.NativeMethodAccessorImpl.invoke(NativeMethodAccessorImpl.java:77)
	at java.base/jdk.internal.reflect.DelegatingMethodAccessorImpl.invoke(DelegatingMethodAccessorImpl.java:43)
	at java.base/java.lang.reflect.Method.invoke(Method.java:568)
	at org.testng.internal.invokers.MethodInvocationHelper.invokeMethod(MethodInvocationHelper.java:141)
	at org.testng.internal.invokers.TestInvoker.invokeMethod(TestInvoker.java:687)
	at org.testng.internal.invokers.TestInvoker.retryFailed(TestInvoker.java:269)
	at org.testng.internal.invokers.MethodRunner.runInSequence(MethodRunner.java:76)
	at org.testng.internal.invokers.TestInvoker$MethodInvocationAgent.invoke(TestInvoker.java:995)
	at org.testng.internal.invokers.TestInvoker.invokeTestMethods(TestInvoker.java:203)
	at org.testng.internal.invokers.TestMethodWorker.invokeTestMethods(TestMethodWorker.java:154)
	at org.testng.internal.invokers.TestMethodWorker.run(TestMethodWorker.java:134)
	at java.base/java.util.concurrent.Executors$RunnableAdapter.call(Executors.java:539)
	at java.base/java.util.concurrent.FutureTask.run(FutureTask.java:264)
	at org.testng.internal.thread.graph.TestNGFutureTask.run(TestNGFutureTask.java:22)
	at java.base/java.util.concurrent.ThreadPoolExecutor.runWorker(ThreadPoolExecutor.java:1136)
	at java.base/java.util.concurrent.ThreadPoolExecutor$Worker.run(ThreadPoolExecutor.java:635)
	at java.base/java.lang.Thread.run(Thread.java:840)
2026-06-26 07:47:29 [main] ERROR BaseClass - This is a error message
2026-06-26 07:47:29 [main] FATAL BaseClass - This is a fatal message
2026-06-26 07:47:33 [main] ERROR BaseClass - This is a error message
2026-06-26 07:47:33 [main] FATAL BaseClass - This is a fatal message
2026-06-26 07:47:37 [main] ERROR BaseClass - This is a error message
2026-06-26 07:47:37 [main] FATAL BaseClass - This is a fatal message
2026-06-26 07:47:42 [main] ERROR BaseClass - This is a error message
2026-06-26 07:47:42 [main] FATAL BaseClass - This is a fatal message
2026-06-26 07:47:50 [main] ERROR BaseClass - This is a error message
2026-06-26 07:47:50 [main] FATAL BaseClass - This is a fatal message
2026-06-26 07:49:46 [main] ERROR BaseClass - This is a error message
2026-06-26 07:49:46 [main] FATAL BaseClass - This is a fatal message
2026-06-26 07:49:49 [main] ERROR BaseClass - This is a error message
2026-06-26 07:49:49 [main] FATAL BaseClass - This is a fatal message
2026-06-26 07:49:54 [main] ERROR BaseClass - This is a error message
2026-06-26 07:49:54 [main] FATAL BaseClass - This is a fatal message
2026-06-26 07:49:59 [main] ERROR BaseClass - This is a error message
2026-06-26 07:49:59 [main] FATAL BaseClass - This is a fatal message
2026-06-26 07:50:07 [main] ERROR BaseClass - This is a error message
2026-06-26 07:50:07 [main] FATAL BaseClass - This is a fatal message
2026-06-26 07:50:17 [main] ERROR BaseClass - This is a error message
2026-06-26 07:50:17 [main] FATAL BaseClass - This is a fatal message
2026-06-26 07:50:25 [main] ERROR DBConnection - Error while establishing the DB connection
2026-06-26 07:50:25 [main] ERROR ActionDriver - Texts are not Matching:ravi not equals null null
2026-06-26 07:50:25 [main] ERROR ActionDriver - Unable to compare Texts:Cannot invoke "String.equals(Object)" because "expectedText" is null
2026-06-26 07:50:29 [main] ERROR BaseClass - This is a error message
2026-06-26 07:50:29 [main] FATAL BaseClass - This is a fatal message
2026-06-26 07:50:35 [main] ERROR DBConnection - Error while establishing the DB connection
2026-06-26 07:50:35 [main] ERROR ActionDriver - Texts are not Matching:ravi not equals null null
2026-06-26 07:50:35 [main] ERROR ActionDriver - Unable to compare Texts:Cannot invoke "String.equals(Object)" because "expectedText" is null
2026-06-26 07:50:39 [main] ERROR BaseClass - This is a error message
2026-06-26 07:50:39 [main] FATAL BaseClass - This is a fatal message
2026-06-26 07:50:46 [main] ERROR DBConnection - Error while establishing the DB connection
2026-06-26 07:50:46 [main] ERROR ActionDriver - Texts are not Matching:ravi not equals null null
2026-06-26 07:50:46 [main] ERROR ActionDriver - Unable to compare Texts:Cannot invoke "String.equals(Object)" because "expectedText" is null
2026-06-26 07:54:31 [main] ERROR BaseClass - This is a error message
2026-06-26 07:54:31 [main] FATAL BaseClass - This is a fatal message
2026-06-26 07:54:35 [main] ERROR BaseClass - This is a error message
2026-06-26 07:54:35 [main] FATAL BaseClass - This is a fatal message
2026-06-26 07:54:39 [main] ERROR BaseClass - This is a error message
2026-06-26 07:54:39 [main] FATAL BaseClass - This is a fatal message
2026-06-26 07:54:44 [main] ERROR BaseClass - This is a error message
2026-06-26 07:54:44 [main] FATAL BaseClass - This is a fatal message
2026-06-26 07:54:52 [main] ERROR BaseClass - This is a error message
2026-06-26 07:54:52 [main] FATAL BaseClass - This is a fatal message
2026-06-26 07:55:02 [main] ERROR BaseClass - This is a error message
2026-06-26 07:55:02 [main] FATAL BaseClass - This is a fatal message
2026-06-26 07:55:09 [main] ERROR DBConnection - Error while establishing the DB connection
2026-06-26 07:55:09 [main] ERROR ActionDriver - Texts are not Matching:ravi not equals null null
2026-06-26 07:55:10 [main] ERROR ActionDriver - Unable to compare Texts:Cannot invoke "String.equals(Object)" because "expectedText" is null
2026-06-26 07:55:13 [main] ERROR BaseClass - This is a error message
2026-06-26 07:55:13 [main] FATAL BaseClass - This is a fatal message
2026-06-26 07:55:20 [main] ERROR DBConnection - Error while establishing the DB connection
2026-06-26 07:55:20 [main] ERROR ActionDriver - Texts are not Matching:ravi not equals null null
2026-06-26 07:55:20 [main] ERROR ActionDriver - Unable to compare Texts:Cannot invoke "String.equals(Object)" because "expectedText" is null
2026-06-26 07:55:24 [main] ERROR BaseClass - This is a error message
2026-06-26 07:55:24 [main] FATAL BaseClass - This is a fatal message
2026-06-26 07:55:30 [main] ERROR DBConnection - Error while establishing the DB connection
2026-06-26 07:55:30 [main] ERROR ActionDriver - Texts are not Matching:ravi not equals null null
2026-06-26 07:55:31 [main] ERROR ActionDriver - Unable to compare Texts:Cannot invoke "String.equals(Object)" because "expectedText" is null
2026-06-26 07:56:05 [main] ERROR BaseClass - This is a error message
2026-06-26 07:56:05 [main] FATAL BaseClass - This is a fatal message
2026-06-26 07:56:09 [main] ERROR BaseClass - This is a error message
2026-06-26 07:56:09 [main] FATAL BaseClass - This is a fatal message
2026-06-26 07:56:13 [main] ERROR BaseClass - This is a error message
2026-06-26 07:56:13 [main] FATAL BaseClass - This is a fatal message
2026-06-26 07:56:18 [main] ERROR BaseClass - This is a error message
2026-06-26 07:56:18 [main] FATAL BaseClass - This is a fatal message
2026-06-26 07:56:27 [main] ERROR BaseClass - This is a error message
2026-06-26 07:56:27 [main] FATAL BaseClass - This is a fatal message
2026-06-26 07:56:39 [main] ERROR BaseClass - This is a error message
2026-06-26 07:56:39 [main] FATAL BaseClass - This is a fatal message
2026-06-26 07:56:46 [main] ERROR DBConnection - Error while establishing the DB connection
2026-06-26 07:56:46 [main] ERROR ActionDriver - Texts are not Matching:ravi not equals null null
2026-06-26 07:56:46 [main] ERROR ActionDriver - Unable to compare Texts:Cannot invoke "String.equals(Object)" because "expectedText" is null
2026-06-26 07:56:50 [main] ERROR BaseClass - This is a error message
2026-06-26 07:56:50 [main] FATAL BaseClass - This is a fatal message
2026-06-26 07:56:58 [main] ERROR DBConnection - Error while establishing the DB connection
2026-06-26 07:56:58 [main] ERROR ActionDriver - Texts are not Matching:ravi not equals null null
2026-06-26 07:56:59 [main] ERROR ActionDriver - Unable to compare Texts:Cannot invoke "String.equals(Object)" because "expectedText" is null
2026-06-26 07:57:02 [main] ERROR BaseClass - This is a error message
2026-06-26 07:57:02 [main] FATAL BaseClass - This is a fatal message
2026-06-26 07:57:10 [main] ERROR DBConnection - Error while establishing the DB connection
2026-06-26 07:57:10 [main] ERROR ActionDriver - Texts are not Matching:ravi not equals null null
2026-06-26 07:57:10 [main] ERROR ActionDriver - Unable to compare Texts:Cannot invoke "String.equals(Object)" because "expectedText" is null
2026-06-26 08:01:51 [main] ERROR BaseClass - This is a error message
2026-06-26 08:01:51 [main] FATAL BaseClass - This is a fatal message
2026-06-26 08:01:54 [main] ERROR BaseClass - This is a error message
2026-06-26 08:01:54 [main] FATAL BaseClass - This is a fatal message
2026-06-26 08:01:58 [main] ERROR BaseClass - This is a error message
2026-06-26 08:01:58 [main] FATAL BaseClass - This is a fatal message
2026-06-26 08:02:03 [main] ERROR BaseClass - This is a error message
2026-06-26 08:02:03 [main] FATAL BaseClass - This is a fatal message
2026-06-26 08:02:10 [main] ERROR BaseClass - This is a error message
2026-06-26 08:02:10 [main] FATAL BaseClass - This is a fatal message
2026-06-26 08:02:18 [main] ERROR BaseClass - This is a error message
2026-06-26 08:02:18 [main] FATAL BaseClass - This is a fatal message
2026-06-26 08:03:06 [main] ERROR BaseClass - This is a error message
2026-06-26 08:03:06 [main] FATAL BaseClass - This is a fatal message
2026-06-26 08:03:09 [main] ERROR BaseClass - This is a error message
2026-06-26 08:03:09 [main] FATAL BaseClass - This is a fatal message
2026-06-26 08:03:13 [main] ERROR BaseClass - This is a error message
2026-06-26 08:03:13 [main] FATAL BaseClass - This is a fatal message
2026-06-26 08:03:17 [main] ERROR BaseClass - This is a error message
2026-06-26 08:03:17 [main] FATAL BaseClass - This is a fatal message
2026-06-26 08:03:24 [main] ERROR BaseClass - This is a error message
2026-06-26 08:03:24 [main] FATAL BaseClass - This is a fatal message
2026-06-26 08:03:33 [main] ERROR BaseClass - This is a error message
2026-06-26 08:03:33 [main] FATAL BaseClass - This is a fatal message
2026-06-27 18:02:07 [TestNG-tests-3] ERROR BaseClass - This is a error message
2026-06-27 18:02:07 [TestNG-tests-3] FATAL BaseClass - This is a fatal message
2026-06-27 18:02:07 [TestNG-tests-2] ERROR BaseClass - This is a error message
2026-06-27 18:02:07 [TestNG-tests-2] FATAL BaseClass - This is a fatal message
2026-06-27 18:02:10 [TestNG-tests-2] ERROR BaseClass - This is a error message
2026-06-27 18:02:10 [TestNG-tests-2] FATAL BaseClass - This is a fatal message
2026-06-27 18:02:24 [TestNG-tests-3] ERROR BaseClass - This is a error message
2026-06-27 18:02:24 [TestNG-tests-3] FATAL BaseClass - This is a fatal message
2026-06-27 18:02:30 [TestNG-tests-3] ERROR BaseClass - This is a error message
2026-06-27 18:02:30 [TestNG-tests-3] FATAL BaseClass - This is a fatal message
2026-06-27 18:02:39 [TestNG-tests-3] ERROR BaseClass - This is a error message
2026-06-27 18:02:39 [TestNG-tests-3] FATAL BaseClass - This is a fatal message
2026-06-27 18:03:36 [TestNG-tests-2] ERROR BaseClass - This is a error message
2026-06-27 18:03:36 [TestNG-tests-2] FATAL BaseClass - This is a fatal message
2026-06-27 18:03:37 [TestNG-tests-3] ERROR BaseClass - This is a error message
2026-06-27 18:03:37 [TestNG-tests-3] FATAL BaseClass - This is a fatal message
2026-06-27 18:03:39 [TestNG-tests-2] ERROR BaseClass - This is a error message
2026-06-27 18:03:39 [TestNG-tests-2] FATAL BaseClass - This is a fatal message
2026-06-27 18:03:48 [TestNG-tests-3] ERROR BaseClass - This is a error message
2026-06-27 18:03:48 [TestNG-tests-3] FATAL BaseClass - This is a fatal message
2026-06-27 18:03:54 [TestNG-tests-3] ERROR BaseClass - This is a error message
2026-06-27 18:03:54 [TestNG-tests-3] FATAL BaseClass - This is a fatal message
2026-06-27 18:04:02 [TestNG-tests-3] ERROR BaseClass - This is a error message
2026-06-27 18:04:02 [TestNG-tests-3] FATAL BaseClass - This is a fatal message
2026-06-27 18:21:50 [TestNG-tests-2] ERROR BaseClass - This is a error message
2026-06-27 18:21:50 [TestNG-tests-2] FATAL BaseClass - This is a fatal message
2026-06-27 18:22:08 [TestNG-tests-3] ERROR BaseClass - This is a error message
2026-06-27 18:22:08 [TestNG-tests-3] FATAL BaseClass - This is a fatal message
2026-06-27 18:22:14 [TestNG-tests-2] ERROR BaseClass - This is a error message
2026-06-27 18:22:14 [TestNG-tests-2] FATAL BaseClass - This is a fatal message
2026-06-27 18:22:42 [TestNG-tests-3] ERROR BaseClass - This is a error message
2026-06-27 18:22:42 [TestNG-tests-3] FATAL BaseClass - This is a fatal message
2026-06-27 18:23:39 [TestNG-tests-3] ERROR BaseClass - This is a error message
2026-06-27 18:23:39 [TestNG-tests-3] FATAL BaseClass - This is a fatal message
